,2.0_correctcount,2.45833333333_correctcount,2.91666666667_correctcount,3.375_correctcount,3.83333333333_correctcount,4.29166666667_correctcount,4.75_correctcount,5.20833333333_correctcount,5.66666666667_correctcount,6.125_correctcount,6.58333333333_correctcount,7.04166666667_correctcount,7.5_correctcount,7.95833333333_correctcount,8.41666666667_correctcount,8.875_correctcount,9.33333333333_correctcount,9.79166666667_correctcount,10.25_correctcount,10.7083333333_correctcount,11.1666666667_correctcount,11.625_correctcount,12.0833333333_correctcount,12.5416666667_correctcount,13.0_correctcount,2.0_density,2.45833333333_density,2.91666666667_density,3.375_density,3.83333333333_density,4.29166666667_density,4.75_density,5.20833333333_density,5.66666666667_density,6.125_density,6.58333333333_density,7.04166666667_density,7.5_density,7.95833333333_density,8.41666666667_density,8.875_density,9.33333333333_density,9.79166666667_density,10.25_density,10.7083333333_density,11.1666666667_density,11.625_density,12.0833333333_density,12.5416666667_density,13.0_density
1ads.pdb,4158.0,6405.0,9165.0,12011.0,16727.0,22469.0,30954.0,40832.0,51911.0,63737.0,76622.0,91484.0,107217.0,124506.0,144054.0,165845.0,189940.0,216235.0,244771.0,274959.0,307148.0,341040.0,376584.0,414439.0,453622.0,0.0966364271869,0.0801573205166,0.0686781268178,0.0580903779933,0.0552121509873,0.052850872607,0.0537009929893,0.0537341898961,0.053042350633,0.0515726806645,0.0499300861114,0.0487152710712,0.0472526563752,0.0459272319509,0.0449211955017,0.0441106710252,0.0434362646716,0.0428255052977,0.0422605099139,0.0416340502218,0.0410131760043,0.0403620115104,0.0396869717941,0.0390608079741,0.0383893199708
1aoz.pdb,14759.0,23392.0,32436.0,40970.0,57026.0,76057.0,104998.0,138723.0,176040.0,219002.0,265899.0,317221.0,374094.0,436296.0,506831.0,583919.0,669707.0,763836.0,866333.0,976179.0,1092064.0,1216273.0,1347555.0,1486607.0,1633109.0,0.097917177291,0.0835674182304,0.0693839206067,0.0565635387385,0.0537322581305,0.0510685093914,0.0519986582499,0.0521127627607,0.0513476177515,0.0505849985021,0.0494619356274,0.0482200305002,0.0470640061507,0.0459416717351,0.0451164299529,0.0443342597361,0.043718620333,0.0431839337522,0.0426977707495,0.0421944913056,0.0416264498656,0.0410907549837,0.0405394797332,0.0399965333838,0.0394527295029
1arb.pdb,3587.0,5528.0,8021.0,10254.0,14395.0,19478.0,26913.0,35789.0,45118.0,56208.0,67897.0,81153.0,95447.0,111265.0,128799.0,148200.0,169185.0,191996.0,216467.0,242785.0,270420.0,299726.0,329941.0,361449.0,394665.0,0.0968702682473,0.0803886688461,0.0698420911429,0.0576263475638,0.0552116879819,0.0532372391558,0.0542538291216,0.0547270908119,0.0535692976816,0.0528480498512,0.0514117234244,0.0502142873033,0.0488795957069,0.0476915358203,0.0466703674929,0.0458028214296,0.0449573432286,0.0441846512858,0.0434279385699,0.042717449925,0.0419582401349,0.0412187337332,0.0404040714523,0.0395849753264,0.0388103598379
1bab.pdb,6814.0,10530.0,15500.0,20782.0,28493.0,37239.0,51162.0,66785.0,84227.0,102491.0,121830.0,144092.0,168336.0,194709.0,225341.0,259199.0,296296.0,337956.0,381084.0,428628.0,478284.0,531269.0,587865.0,646362.0,708608.0,0.0981846133113,0.0817028776778,0.0720116223192,0.0623156745913,0.058309553114,0.054306442365,0.0550298053066,0.0544896361845,0.0533580099986,0.0514160540255,0.0492207243088,0.0475712729217,0.0459964701974,0.0445298201931,0.0435663449546,0.0427424614135,0.0420094262827,0.0414974672965,0.0407925083134,0.0402389078496,0.0395955598153,0.0389822482002,0.0384103820936,0.0377695096236,0.0371798202658
1bbh.pdb,2614.0,4104.0,5938.0,8101.0,11053.0,14556.0,19938.0,26007.0,32774.0,39423.0,46764.0,54962.0,64121.0,74078.0,85308.0,97482.0,110598.0,125416.0,140453.0,156452.0,173216.0,190595.0,208867.0,228140.0,247699.0,0.0971429844121,0.0821260410319,0.0711501211271,0.0626488561623,0.0583372910743,0.0547469517759,0.0553091021142,0.0547255064274,0.0535478816458,0.0510067011277,0.0487270322856,0.0467985055324,0.0451868785654,0.0436936894176,0.0425368398854,0.0414586533264,0.040442015288,0.0397172279155,0.0387753091596,0.0378801177095,0.0369839415341,0.0360685317756,0.0351969803559,0.0343820304794,0.0335189219157
1bbp.pdb,8504.0,13577.0,19099.0,23908.0,33421.0,44534.0,61374.0,81239.0,102361.0,126410.0,152425.0,181213.0,211535.0,244399.0,282066.0,322311.0,367049.0,417069.0,470423.0,527558.0,586857.0,649540.0,714664.0,784105.0,856636.0,0.0992074107741,0.0852888696709,0.0718391333337,0.0580407166531,0.0553733162921,0.052580487259,0.0534459068818,0.0536635137232,0.0525003707798,0.0513421442751,0.0498573875633,0.0484366180411,0.0467960606543,0.0452526376957,0.0441510673578,0.0430309459183,0.0421332117404,0.0414618713337,0.0407687880844,0.0400973266816,0.0393343957333,0.0385867202828,0.0378052825098,0.0370953362541,0.0363895860454
1btc.pdb,7115.0,11314.0,15674.0,20439.0,28419.0,38206.0,52864.0,69897.0,88720.0,109627.0,132705.0,158139.0,186026.0,216646.0,250979.0,289210.0,331823.0,378351.0,428448.0,482659.0,539834.0,600021.0,664880.0,732488.0,804001.0,0.0970839694872,0.0831297495871,0.0689575868668,0.0580364607391,0.0550733687994,0.0527613901828,0.053844555994,0.054003863375,0.0532232193919,0.0520789066613,0.0507706072937,0.0494396294596,0.0481340567086,0.0469188010761,0.0459493750529,0.0451617568238,0.0445511340244,0.0439934106078,0.0434299301994,0.0429079110425,0.0423206358983,0.0416917546555,0.0411382306111,0.0405319371228,0.0399474571575
1caj.pdb,3585.0,5619.0,7941.0,10084.0,14153.0,19196.0,26292.0,34992.0,44291.0,55002.0,66650.0,79263.0,92931.0,107810.0,124610.0,142844.0,162744.0,185034.0,208439.0,233762.0,260483.0,288107.0,317247.0,347498.0,379150.0,0.097611280392,0.0823829916514,0.0697132994151,0.0571363301131,0.0547292612949,0.0528973150568,0.0534371922928,0.0539477440482,0.0530192185583,0.0521388009275,0.0508819157551,0.0494475699641,0.0479819238166,0.0465900853428,0.0455232594002,0.0445100164125,0.0436009038953,0.0429321375596,0.042160739647,0.0414676196076,0.0407483065437,0.0399462266785,0.0391686038833,0.0383696099435,0.037590823506
1cmb.pdb,2395.0,3753.0,5379.0,7081.0,9898.0,13067.0,17826.0,23153.0,29026.0,35233.0,42036.0,49416.0,57521.0,66333.0,76432.0,87169.0,98897.0,112047.0,125550.0,140209.0,155145.0,170476.0,186729.0,203381.0,220895.0,0.0984442377854,0.0830674779057,0.0712879160737,0.0605686693851,0.0577819857147,0.0543591568784,0.0546950272838,0.0538872136249,0.0524540421562,0.0504203800276,0.0484460772819,0.0465388845255,0.044835024091,0.0432750952743,0.0421531089249,0.0410045215313,0.0399988548444,0.0392468803514,0.0383371558937,0.0375478450499,0.0366388553125,0.0356828169422,0.0348037686282,0.0339015368745,0.0330621124545
1cob.pdb,3643.0,5825.0,8263.0,10542.0,14887.0,19720.0,27453.0,36118.0,45859.0,56653.0,68167.0,81134.0,94871.0,110136.0,127068.0,145239.0,165328.0,187628.0,211182.0,236395.0,262914.0,289830.0,317686.0,347555.0,378615.0,0.0968919548268,0.0834242197898,0.0708591423695,0.0583472261249,0.0562336100857,0.0530820266143,0.0545038919498,0.0543933633266,0.0536241120774,0.0524593816405,0.0508341047321,0.0494418864431,0.0478484883536,0.0464923455049,0.0453455156553,0.0442075756354,0.0432667840462,0.0425251957463,0.0417257196876,0.0409629452906,0.0401755276608,0.0392539157411,0.0383138982617,0.037486622509,0.0366679214843
1cpc.pdb,7272.0,11051.0,16429.0,22401.0,30495.0,40403.0,55108.0,71752.0,90331.0,109624.0,130438.0,154311.0,179922.0,207922.0,240228.0,276382.0,316208.0,360937.0,407974.0,458779.0,512832.0,569760.0,629975.0,693640.0,761126.0,0.0970517732137,0.0794179843951,0.0706952649063,0.062213647766,0.0578014152708,0.054572676734,0.0549001349946,0.0542222192304,0.0530021405697,0.0509362486714,0.0488097054587,0.0471856659131,0.0455344474991,0.0440426719794,0.0430172688659,0.0422128098559,0.041524280389,0.0410488631758,0.0404483194189,0.0398912345531,0.0393227653067,0.0387215437232,0.0381243666964,0.0375411834656,0.0369884465611
1ezm.pdb,4087.0,6441.0,9204.0,12028.0,16640.0,22569.0,31160.0,41181.0,52136.0,64155.0,77375.0,92144.0,108317.0,126025.0,145900.0,167615.0,191723.0,217932.0,245872.0,275421.0,306629.0,339733.0,373875.0,409894.0,447000.0,0.0962607911035,0.0816894110891,0.0698957856583,0.058953129415,0.0556619402598,0.0537983732081,0.0547837044787,0.0549206097536,0.0539870359212,0.0526074203137,0.0510972940763,0.0497250751664,0.0483779664183,0.0471113018323,0.0461072993008,0.045179619815,0.0444322864205,0.0437407191015,0.0430201830101,0.0422635702597,0.0414932397591,0.0407468110388,0.0399301492314,0.0391507941027,0.0383364807011
1fba.pdb,18952.0,28786.0,41808.0,55208.0,77355.0,102599.0,140606.0,185798.0,234994.0,289036.0,347562.0,414254.0,487740.0,567586.0,660277.0,761782.0,874830.0,1001956.0,1136689.0,1283562.0,1442716.0,1610055.0,1787197.0,1974128.0,2171367.0,0.0963470341187,0.0788011037707,0.0685286674414,0.058405530412,0.0558511246848,0.0527883962885,0.0533576033261,0.0534832771304,0.0525227023887,0.0511572215076,0.0495413733223,0.0482518102579,0.0470194855612,0.0457971642594,0.045037997827,0.0443199141892,0.0437609384859,0.043406231075,0.0429282664083,0.0425132685235,0.0421389277691,0.041680710811,0.0411988835898,0.0406989154424,0.040195410264
1fcs.pdb,1777.0,2806.0,4100.0,5517.0,7586.0,9950.0,13604.0,17551.0,22036.0,26679.0,31467.0,36907.0,42918.0,49229.0,56450.0,64271.0,72786.0,82197.0,92184.0,102661.0,113882.0,125569.0,137572.0,150076.0,162841.0,0.098200810373,0.0834993294355,0.0730535109049,0.0634452748807,0.0595388870697,0.0556496916948,0.0561181602973,0.0549190711287,0.0535386473535,0.051329720423,0.0487568270512,0.0467304525645,0.0449752220419,0.0431789689891,0.0418563345859,0.0406469162717,0.0395781193783,0.0387082677342,0.0378443964642,0.0369621713775,0.0361578051074,0.0353363088265,0.0344736615323,0.033632806998,0.0327681056087
1fdd.pdb,1278.0,2008.0,2894.0,3757.0,5185.0,6915.0,9353.0,12399.0,15564.0,19323.0,22993.0,27133.0,31704.0,36764.0,42274.0,48156.0,54634.0,61684.0,68827.0,76516.0,84416.0,92402.0,100837.0,109578.0,118515.0,0.0980398540833,0.0829474784051,0.0715813560109,0.0599765738209,0.0564911990856,0.0536878515347,0.053558930339,0.0538582372985,0.052492832948,0.051608123021,0.0494561030861,0.0476906471225,0.0461202930892,0.0447628953943,0.0435125714306,0.0422772869808,0.0412396012913,0.0403240789327,0.039223742878,0.0382426873534,0.037206250176,0.0360964320422,0.0350769187931,0.0340894031278,0.0331058736567
1gky.pdb,1916.0,3018.0,4330.0,5697.0,7770.0,10244.0,14080.0,18286.0,22899.0,27884.0,33293.0,39087.0,45329.0,51904.0,59177.0,67252.0,75850.0,85638.0,96075.0,106956.0,118713.0,130520.0,142874.0,155807.0,169043.0,0.0984103499239,0.0834703402762,0.0717071991931,0.0608919870385,0.056679566528,0.0532508910351,0.053983008487,0.0531811420993,0.051709313902,0.0498622708281,0.0479458092632,0.045998239314,0.0441496846994,0.0423125997533,0.0407819342164,0.03953077943,0.0383336800365,0.0374827902623,0.0366584463857,0.0357910769133,0.0350318345877,0.0341376356394,0.0332757761018,0.0324531204863,0.0316156702244
1gmp.pdb,2180.0,3409.0,4901.0,6276.0,8634.0,11404.0,15694.0,20565.0,25717.0,31697.0,38016.0,45100.0,52654.0,60568.0,69706.0,79301.0,90010.0,101789.0,113684.0,126980.0,140319.0,154047.0,168270.0,183180.0,198322.0,0.0991685716293,0.0835049543142,0.0718839376674,0.0594113135844,0.0557814550709,0.052503325378,0.0532917977139,0.0529712170517,0.0514333552271,0.0502004294081,0.0484882415568,0.0470064771305,0.0454208367131,0.0437304964695,0.0425458622909,0.0412839392231,0.0402891387002,0.0394583151731,0.038418048555,0.0376337269173,0.0366735857744,0.035684688633,0.0347099491546,0.0337924627984,0.032850984391
1gox.pdb,4311.0,6520.0,9601.0,12583.0,17274.0,23035.0,31658.0,41836.0,53024.0,65194.0,78584.0,93645.0,109897.0,127741.0,148298.0,170324.0,195052.0,222083.0,250953.0,282156.0,314867.0,349922.0,386557.0,424272.0,464595.0,0.0956482750468,0.0778958628421,0.068682355504,0.0580967678362,0.0544317459212,0.0517248659672,0.0524314359812,0.0525584981447,0.051722391009,0.0503591574498,0.0488861348787,0.0476044236662,0.0462371602636,0.0449834790903,0.0441472867256,0.0432473866406,0.0425823067625,0.0419889060662,0.0413627973242,0.0407861536896,0.0401370635137,0.0395349751004,0.0388903973052,0.0381740041153,0.0375347546176
1gpb.pdb,11003.0,17137.0,25149.0,32834.0,45560.0,60734.0,83027.0,108672.0,137320.0,168301.0,202213.0,240437.0,282362.0,328092.0,379817.0,437212.0,500911.0,571962.0,648415.0,730853.0,819664.0,913363.0,1013473.0,1118672.0,1229276.0,0.0970004711322,0.0813514324769,0.0714846909035,0.0602358689863,0.0570435672041,0.0541884406586,0.0546375522384,0.0542467924161,0.0532235100382,0.0516560430114,0.0499832227229,0.0485654737396,0.0472036060175,0.0459073244349,0.0449269290429,0.0441102689586,0.0434513182355,0.0429684840773,0.0424652978418,0.0419775518573,0.0415162311996,0.0410031524115,0.0405139541467,0.0399935286631,0.0394613613349
1hil.pdb,10901.0,17898.0,24413.0,30318.0,42972.0,57608.0,79924.0,106008.0,133925.0,166127.0,200845.0,239642.0,279742.0,324069.0,373284.0,425864.0,485091.0,550122.0,620775.0,695208.0,772368.0,853474.0,937338.0,1024166.0,1114216.0,0.0971633083918,0.0859029612947,0.0701595342928,0.0562348004652,0.0543978520526,0.0519673762223,0.053176815211,0.0535017845892,0.0524813014687,0.0515522808486,0.0501937253728,0.0489398335723,0.047282434186,0.04584553591,0.0446421326311,0.043440196906,0.0425440498291,0.0417844887646,0.0411044237175,0.0403715159588,0.0395530115994,0.0387380140303,0.0378845293835,0.0370194987356,0.0361630685849
1hiv.pdb,2282.0,3531.0,5049.0,6398.0,8900.0,11881.0,16295.0,21524.0,27366.0,34027.0,41272.0,48755.0,56594.0,65205.0,74713.0,85359.0,96910.0,109840.0,123870.0,139018.0,154721.0,170668.0,187591.0,204752.0,222907.0,0.096456687359,0.080367803214,0.0688100170462,0.0562768258118,0.0534277566729,0.0508255089888,0.0514138617687,0.0515149590733,0.0508551585095,0.0500739753981,0.0489130414907,0.0472171165078,0.0453621144443,0.0437442739101,0.0423723432453,0.0412905742663,0.0403055594236,0.0395637411875,0.0388956676899,0.038283539268,0.0375738153171,0.0367349881536,0.0359549276847,0.0350969260482,0.0343083901107
1hsb.pdb,4609.0,7357.0,10349.0,13227.0,18582.0,24992.0,34548.0,45424.0,57424.0,70830.0,85404.0,101601.0,118439.0,136679.0,157422.0,179832.0,204526.0,231315.0,260094.0,291202.0,323199.0,356300.0,390674.0,426625.0,464330.0,0.0979627581077,0.084202062429,0.070922212416,0.0585038308757,0.0560927822268,0.05376100096,0.0548133524629,0.0546680199452,0.0536605010966,0.0524135101587,0.0508961532042,0.0494784261376,0.0477370112184,0.0461083625073,0.0448941057654,0.0437427590083,0.0427742573274,0.0418965456859,0.0410679496106,0.0403248714383,0.0394678650266,0.0385639242012,0.037652908031,0.0367726410555,0.0359369296933
1ifc.pdb,8065.0,12890.0,17857.0,22266.0,30946.0,40672.0,56120.0,73691.0,93308.0,114815.0,137935.0,164329.0,190240.0,218090.0,248891.0,281105.0,316958.0,356624.0,399551.0,445255.0,492151.0,539602.0,589222.0,639796.0,691669.0,0.19503412926,0.167852122989,0.139233690533,0.11205135282,0.106284759779,0.0995437072501,0.101305509354,0.100905390426,0.0992046688417,0.0966666307998,0.0935261753013,0.0910508605319,0.0872397230291,0.0837077381076,0.0807579043224,0.0777964386268,0.0754201894426,0.0734914703095,0.071778909624,0.0701518924453,0.0683791890503,0.0664493744688,0.064612257667,0.0627439693575,0.0609066180935
1l92.pdb,1941.0,2942.0,4376.0,5857.0,8027.0,10695.0,14621.0,19043.0,23956.0,29011.0,34576.0,40716.0,47490.0,54627.0,62477.0,71267.0,80872.0,91245.0,102040.0,113291.0,125364.0,137656.0,150523.0,163955.0,177389.0,0.0966985844766,0.0789232438285,0.0702912856422,0.0607209364672,0.0567947345925,0.0539246590959,0.0543726896246,0.0537184684112,0.0524705809556,0.0503186508521,0.0482971809377,0.046475415944,0.0448645119492,0.0431942106902,0.0417622946008,0.0406319776177,0.0396435394319,0.038736803641,0.0377644724381,0.0367717529539,0.0358828353321,0.0349221384129,0.0340037774557,0.0331240531012,0.032179641156
1lts.pdb,10139.0,15997.0,22609.0,29186.0,40466.0,53765.0,74572.0,98625.0,124862.0,154657.0,185819.0,221844.0,259789.0,300586.0,347636.0,399065.0,456773.0,521722.0,591216.0,667381.0,748229.0,833276.0,922342.0,1016068.0,1115988.0,0.09678934549,0.0822315832458,0.0695894454962,0.057979659917,0.0548634276735,0.051945043964,0.0531394896376,0.0533105446257,0.0524046354375,0.0514012546139,0.0497364747485,0.0485225611006,0.0470283113794,0.0455433308111,0.0445273426863,0.0435974382758,0.0429054549956,0.0424415958808,0.041927310009,0.0415078855429,0.0410380103545,0.0405072169317,0.0399258465873,0.0393350248885,0.0387928676583
1ofv.pdb,2183.0,3427.0,4977.0,6430.0,8875.0,11967.0,16432.0,21766.0,27632.0,34301.0,41264.0,49287.0,57724.0,67011.0,77301.0,88455.0,101019.0,114687.0,129276.0,144581.0,160934.0,177672.0,195559.0,213590.0,232527.0,0.0959412483716,0.0811023448946,0.0705259365774,0.058807302383,0.0553962314661,0.0532290798138,0.0539077510127,0.0541656460362,0.0533913542456,0.0524843857501,0.0508481791303,0.0496303813272,0.0481076612537,0.046743511938,0.0455833611588,0.0444896427166,0.0436852023404,0.0429522528232,0.0422073344913,0.0413987469141,0.0406367311065,0.0397632361864,0.0389725798617,0.0380677116056,0.0372121658591
1omp.pdb,4654.0,7302.0,10398.0,13681.0,18859.0,25081.0,34360.0,45272.0,56998.0,70263.0,84036.0,99602.0,116512.0,134816.0,155648.0,177982.0,203198.0,230257.0,259610.0,291214.0,324800.0,359513.0,396387.0,434570.0,474457.0,0.0973931151582,0.0822832399593,0.0701586596398,0.0595783369886,0.0560506649025,0.0531200853774,0.0536740283786,0.0536445037634,0.0524407002427,0.0511917852005,0.0493082627839,0.0477566149193,0.0462358378794,0.0447782303392,0.0437033800151,0.0426248498999,0.0418408948645,0.0410615033212,0.0403591198121,0.039704384688,0.039051455819,0.0383113609256,0.0376141281147,0.0368795697326,0.0361541925563
1osa.pdb,1441.0,2241.0,3279.0,4543.0,6205.0,8138.0,11023.0,14224.0,17582.0,21137.0,24859.0,28854.0,33016.0,37186.0,41778.0,46693.0,52123.0,58109.0,64073.0,70307.0,76774.0,83338.0,89769.0,96477.0,102892.0,0.0981773428919,0.0822160915154,0.0720308105685,0.064410798852,0.0600411924708,0.0561147479742,0.0560604085887,0.0548735060923,0.0526650566814,0.0501374623067,0.0474879474648,0.0450419224948,0.0426557857017,0.0402115087734,0.0381913088731,0.0364069228122,0.0349426915367,0.0337373386255,0.0324295365966,0.0312083064815,0.0300525128556,0.0289135534442,0.0277334180964,0.0266560202071,0.0255263566205
1pda.pdb,3551.0,5334.0,7854.0,10217.0,14091.0,18618.0,25666.0,34119.0,43147.0,53028.0,63936.0,75870.0,88580.0,102261.0,117916.0,135159.0,153925.0,174890.0,197375.0,220992.0,246053.0,272445.0,299856.0,328429.0,357945.0,0.0959849189741,0.0776377639701,0.0684499002098,0.0574704210809,0.0540946574876,0.050932781515,0.0517868718269,0.0522206528879,0.0512755021335,0.0499033023272,0.0484562993687,0.0469878974953,0.045404009208,0.0438718528074,0.042765610141,0.0418101958616,0.0409393694825,0.040284449512,0.039633539967,0.0389182429431,0.0382120489042,0.0375009504233,0.0367531690409,0.0360012892475,0.0352312912525
1phb.pdb,5562.0,8578.0,12262.0,16221.0,22450.0,29832.0,41154.0,54308.0,68936.0,84535.0,101933.0,121399.0,142335.0,165247.0,191305.0,219879.0,251946.0,287035.0,324727.0,365088.0,407974.0,452858.0,500039.0,549635.0,600862.0,0.0974625433218,0.080939492101,0.0692783697903,0.0591497666342,0.0558705994668,0.0529055415318,0.0538304446394,0.0538845472508,0.0531079848504,0.051572124286,0.0500811177421,0.0487399931002,0.0472960267762,0.0459582993818,0.0449782631026,0.0440935850416,0.0434404064999,0.0428609445209,0.0422710997529,0.0416800907928,0.0410732030685,0.0404091674029,0.0397319931713,0.0390575827259,0.0383390568423
1poa.pdb,1195.0,1895.0,2733.0,3665.0,5057.0,6661.0,9015.0,11799.0,14686.0,17843.0,21165.0,24962.0,29020.0,33379.0,38352.0,43636.0,49411.0,55679.0,62035.0,68846.0,75680.0,82833.0,89998.0,97400.0,105044.0,0.098238717456,0.0838864218659,0.072440927544,0.0626985378609,0.0590429383227,0.055419965404,0.0553209548933,0.0549229243346,0.0530793125547,0.0510686481897,0.0487849093953,0.0470173075735,0.0452395611732,0.0435523617252,0.0423031199887,0.0410529729959,0.0399685211224,0.0390055432289,0.0378852324311,0.0368737946965,0.0357449942963,0.0346760221471,0.0335488281842,0.0324711717572,0.0314445916899
1poc.pdb,1493.0,2349.0,3340.0,4383.0,6101.0,8194.0,11219.0,14739.0,18299.0,22386.0,26855.0,31662.0,36614.0,42164.0,48308.0,54780.0,61757.0,69195.0,76925.0,85042.0,93411.0,101866.0,110786.0,119960.0,129345.0,0.0983519577964,0.083324726277,0.0709413192635,0.0600846212422,0.0570800647081,0.0546299998499,0.0551679070178,0.054977488155,0.0529977638717,0.051341837641,0.0496021852143,0.0477886920781,0.0457379373961,0.0440847737977,0.0426984257312,0.0412981056935,0.0400303188827,0.0388434718704,0.0376451556749,0.0364990036385,0.0353541624484,0.0341714617464,0.0330931267188,0.0320467420104,0.0310264992814
1ppf.pdb,3275.0,5060.0,7277.0,9272.0,12955.0,17181.0,23617.0,31247.0,39331.0,48474.0,58639.0,69672.0,81575.0,94722.0,109563.0,125974.0,143947.0,163542.0,185298.0,208307.0,232665.0,258043.0,284762.0,312631.0,342001.0,0.0979269361146,0.0814721273443,0.0701572939493,0.0576943043046,0.05501593647,0.0519937735395,0.0527138516625,0.052904530296,0.0517050351881,0.0504628098208,0.0491620369791,0.0477323414048,0.0462545160818,0.0449536885288,0.0439566292295,0.0431078818405,0.0423519233267,0.0416716111855,0.0411604377619,0.0405806565244,0.0399706535502,0.0392910872896,0.0386102501491,0.0379094189184,0.0372372986932
1ppn.pdb,2646.0,4019.0,5919.0,7664.0,10784.0,14524.0,19978.0,26534.0,33294.0,41032.0,49355.0,58827.0,69257.0,80323.0,92487.0,106029.0,120810.0,137029.0,154180.0,172591.0,192080.0,212333.0,233538.0,255711.0,278464.0,0.0968843510938,0.0792409143862,0.0698782028325,0.0583966516901,0.0560794704818,0.0538222777661,0.0546040633544,0.0550123494264,0.0535965403792,0.052306804471,0.0506695914376,0.0493519246877,0.048087662522,0.0466796215085,0.0454374647437,0.0444296980987,0.0435257573319,0.0427559350486,0.0419382425506,0.0411724093637,0.0404078061504,0.0395906282163,0.0387749342465,0.0379697231811,0.0371272499922
1rbp.pdb,1985.0,3154.0,4404.0,5597.0,7890.0,10604.0,14739.0,19326.0,24411.0,30062.0,36173.0,42878.0,49982.0,57588.0,66187.0,75467.0,85880.0,97064.0,108985.0,121903.0,134976.0,149060.0,163069.0,177805.0,193493.0,0.0980719873874,0.0839100212891,0.0701554423735,0.0575451103854,0.0553632655155,0.0530232351484,0.0543577712944,0.0540654862652,0.0530245538228,0.0517099411405,0.0501096586974,0.0485380789019,0.0468278579286,0.0451585586068,0.0438759735014,0.042670374348,0.04174996906,0.0408660606289,0.0400008835674,0.039239476146,0.0383142517795,0.0375021947062,0.0365330214168,0.0356248184592,0.0348104512667
1rnd.pdb,1410.0,2113.0,3127.0,4013.0,5587.0,7541.0,10338.0,13829.0,17415.0,21524.0,25702.0,30390.0,35384.0,40779.0,46774.0,53142.0,60122.0,67706.0,75865.0,84434.0,93170.0,102331.0,111479.0,120922.0,130555.0,0.097625494385,0.0787791531178,0.0698074231474,0.0578205140962,0.0549392890407,0.0528427136933,0.0534305715023,0.0542161386492,0.0530120500537,0.0518846420382,0.0498957441431,0.0482101443576,0.0464576520247,0.0448130306335,0.0434528482269,0.0421082245685,0.040959741766,0.0399476665184,0.0390215023999,0.0380877957769,0.0370629137597,0.0360796614738,0.0349999090886,0.0339526503079,0.03291528143
1rro.pdb,1194.0,1864.0,2720.0,3684.0,4931.0,6489.0,8820.0,11576.0,14429.0,17580.0,20936.0,24695.0,28577.0,32864.0,37652.0,42913.0,48673.0,55077.0,61717.0,68649.0,75929.0,83340.0,91144.0,99182.0,107237.0,0.0968228610997,0.0813930213949,0.0711167794387,0.0621672794153,0.0567896010371,0.053255368877,0.0533889436819,0.0531527545793,0.0514418768594,0.0496322728509,0.0476014021952,0.0458824091991,0.0439436793115,0.0422977842187,0.0409667242706,0.0398242277986,0.0388366138865,0.0380595796062,0.037178921132,0.0362687128014,0.0353753377676,0.0344142400294,0.0335143953004,0.03261599801,0.0316649036588
1sbp.pdb,4171.0,6452.0,9383.0,12338.0,17169.0,22926.0,31549.0,41724.0,52715.0,64979.0,78173.0,92880.0,108974.0,126484.0,146288.0,168204.0,192144.0,218150.0,246112.0,275767.0,307562.0,340754.0,375562.0,412146.0,450146.0,0.096412945532,0.0803077017378,0.0699304736588,0.0593483409281,0.0563638164777,0.0536334195508,0.0544364653069,0.054610326274,0.0535718148639,0.0522925587219,0.0506645735681,0.0491904693572,0.0477665913239,0.046403887297,0.0453704897901,0.0444955298448,0.0437020335443,0.0429705095933,0.0422616395825,0.041529987284,0.0408457775521,0.0401094979837,0.0393646616608,0.0386340712156,0.0378885937762
1sgt.pdb,2680.0,4219.0,6021.0,7580.0,10604.0,14125.0,19356.0,25627.0,32382.0,40111.0,48204.0,57434.0,67312.0,78017.0,90135.0,103293.0,118073.0,134092.0,151410.0,170125.0,189104.0,209086.0,229802.0,251455.0,274130.0,0.0972936239704,0.0824758478442,0.0704770643124,0.0572647603143,0.0546738346896,0.0518979353461,0.0524534861818,0.0526794252676,0.051684490765,0.0506972944985,0.0490665039672,0.0477729707147,0.0463391728766,0.0449533894591,0.0439048656987,0.0429146306488,0.0421774035756,0.0414832314756,0.0408340575417,0.0402385262831,0.0394429720206,0.0386532168085,0.0378297184195,0.0370198016232,0.0362381553394
1sha.pdb,1196.0,1890.0,2687.0,3492.0,4867.0,6579.0,9092.0,11821.0,14882.0,18224.0,21940.0,26132.0,30427.0,35180.0,40405.0,46046.0,52244.0,58998.0,66026.0,73484.0,81194.0,89021.0,97230.0,105796.0,114307.0,0.0964607999685,0.0820822326885,0.0698742144053,0.0586087650148,0.0557495358516,0.0537021414359,0.0547379167591,0.053984311897,0.0527701060371,0.0511723184946,0.0496145154359,0.0482898579017,0.0465355671203,0.0450338549998,0.0437244539501,0.0425007398818,0.0414606166894,0.0405487148733,0.0395597062429,0.0386132903127,0.037623825113,0.0365614364697,0.0355590118477,0.0346029522078,0.0335700846609
1smr.pdb,17851.0,27057.0,39889.0,50441.0,69431.0,93770.0,129272.0,171238.0,216573.0,268861.0,324955.0,386141.0,451903.0,524144.0,603815.0,692708.0,791382.0,898997.0,1017877.0,1143620.0,1276152.0,1414633.0,1559495.0,1713421.0,1873553.0,0.0975108075622,0.079586154752,0.070254305376,0.0573380008341,0.0538646514124,0.0518401389837,0.0527113123863,0.0529643958873,0.0520117543464,0.0511316397813,0.0497697980121,0.0483280996739,0.0468103215559,0.0454427319116,0.0442551385323,0.0433037302023,0.0425359393749,0.0418474087436,0.0413051206588,0.0407001759914,0.040050868547,0.0393500320491,0.0386281499214,0.0379558318454,0.0372662863236
1snc.pdb,1657.0,2610.0,3782.0,4901.0,6749.0,8904.0,12335.0,16189.0,20324.0,24953.0,29886.0,35435.0,41287.0,47736.0,54666.0,62583.0,70987.0,79973.0,89706.0,99911.0,110757.0,121908.0,133398.0,144969.0,156989.0,0.0975294899051,0.0827221148443,0.0717735720647,0.0600297869997,0.0564174045228,0.0530408693604,0.0541953164263,0.0539544339423,0.0525932026201,0.0511337823864,0.0493212060396,0.047786968395,0.0460821749581,0.0445946828449,0.0431718187604,0.0421555465154,0.0411123142427,0.0401122439208,0.0392241306722,0.0383134351596,0.0374544960662,0.0365390080474,0.0356034826044,0.034602925113,0.0336467094196
1tfg.pdb,1221.0,1956.0,2744.0,3541.0,4942.0,6474.0,8752.0,11476.0,14262.0,17273.0,20431.0,23840.0,27526.0,31373.0,35306.0,39494.0,43806.0,48565.0,53419.0,58474.0,63687.0,68768.0,74064.0,79316.0,84439.0,0.100376128882,0.0865867235724,0.0727324936629,0.0605772230737,0.0577002573049,0.0538641128998,0.0537070435081,0.0534193982256,0.0515468579365,0.049437244868,0.0470930538084,0.0449039585191,0.042910549995,0.0409349664282,0.0389433133688,0.0371561581149,0.0354346407943,0.034021879109,0.0326233776294,0.0313185700126,0.0300804895844,0.0287880517549,0.0276090625418,0.026442335309,0.0252765496145
1trb.pdb,3548.0,5594.0,7912.0,10183.0,14309.0,19064.0,26442.0,34811.0,43788.0,53965.0,64680.0,76823.0,89792.0,103930.0,119882.0,137278.0,156384.0,177604.0,200156.0,224282.0,249605.0,275563.0,302919.0,331423.0,360747.0,0.096515793885,0.0819416897329,0.0693953941506,0.0576446723997,0.0552820691553,0.0524856818398,0.0536930698619,0.0536197702122,0.0523693125003,0.0511091508447,0.0493329673289,0.0478817083629,0.0463189406263,0.0448724015921,0.0437560751567,0.0427366642852,0.0418587977535,0.0411706424647,0.0404484403443,0.039749671002,0.0390110272922,0.0381721641399,0.0373655181495,0.0365613013661,0.0357336545291
1ttb.pdb,3149.0,4989.0,6995.0,8661.0,12027.0,15720.0,21789.0,29009.0,36644.0,45430.0,54777.0,65430.0,76171.0,87840.0,100830.0,114768.0,129957.0,146780.0,165393.0,185283.0,206164.0,228076.0,250800.0,274018.0,298122.0,0.1000756621,0.0853762337434,0.0716758946313,0.0572786146529,0.0542841888251,0.0505615514054,0.0516894925307,0.0522014110566,0.0511994944741,0.0502655288447,0.0488097413243,0.0476426960774,0.0459041199205,0.0443069391669,0.0429947256858,0.0417408728804,0.0406382638626,0.0397505205329,0.0390473285819,0.0383632796425,0.0376433246551,0.0369102087539,0.0361420732722,0.0353149933626,0.0344992590422
256b.pdb,2158.0,3418.0,4956.0,6872.0,9386.0,12248.0,16669.0,21469.0,27121.0,32323.0,38254.0,45162.0,52282.0,59816.0,68316.0,77692.0,88147.0,99843.0,111214.0,123457.0,136079.0,149232.0,162669.0,176408.0,190567.0,0.0972780496202,0.0829665726689,0.0720318060659,0.0644636987595,0.060090275372,0.0558779712602,0.0560895710829,0.0547985293574,0.0537497068538,0.0507278883561,0.0483495814725,0.0466444717422,0.0446911781657,0.0427961195744,0.0413195371389,0.0400797143442,0.0390976457652,0.0383531608134,0.0372427092242,0.036257969209,0.035243079815,0.0342559862785,0.0332504808008,0.0322482324679,0.0312803094994
2aza.pdb,3325.0,5163.0,7464.0,9481.0,13360.0,17952.0,24531.0,32595.0,41045.0,50849.0,61538.0,73197.0,85842.0,99327.0,114565.0,131431.0,149986.0,169984.0,190852.0,213929.0,237295.0,261727.0,286921.0,313102.0,340129.0,0.0968030827647,0.0809407716749,0.0700646184207,0.0574407815519,0.0552413427656,0.0528959493334,0.0533116284835,0.0537331371103,0.0525369413925,0.0515408602197,0.0502334917327,0.0488263678087,0.0473918391324,0.0458974404736,0.0447526855156,0.0437905351289,0.0429662962397,0.0421721466728,0.0412774295222,0.0405780844388,0.0396922260226,0.0388022730802,0.0378782226522,0.0369664380377,0.0360579581728
2ccy.pdb,2571.0,4035.0,5863.0,7869.0,10813.0,14359.0,19631.0,25293.0,31898.0,38587.0,45803.0,54005.0,63048.0,72573.0,83623.0,96120.0,109433.0,124259.0,139522.0,155876.0,173260.0,191270.0,210153.0,229401.0,249512.0,0.0974874583917,0.0823868479809,0.0716796964686,0.0620918889585,0.0582308466271,0.0551039720131,0.0555646077066,0.0543051088414,0.0531761770893,0.0509400532111,0.0486959728849,0.0469185130633,0.0453340148618,0.0436762514797,0.0425443623681,0.0417104941755,0.0408295537809,0.0401508414093,0.0393013759382,0.0385079381972,0.0377454242799,0.0369321534645,0.0361336625051,0.035274933478,0.0344506990537
2cpl.pdb,2069.0,3248.0,4626.0,5930.0,8287.0,11171.0,15392.0,20551.0,25856.0,32043.0,38477.0,45776.0,53550.0,61721.0,71188.0,81385.0,92559.0,104895.0,118152.0,132300.0,146847.0,161906.0,177559.0,193644.0,210107.0,0.0961716055073,0.0812961676933,0.0693300632098,0.0573600768463,0.0547071316114,0.0525521472155,0.0534060660393,0.0540895051213,0.0528390136182,0.0518550733964,0.0501464311375,0.0487514811017,0.0472010921568,0.045534748257,0.0443979350157,0.043292797026,0.0423335497709,0.041549068173,0.0407986548027,0.0400654995424,0.0392166763691,0.0383230813723,0.0374247393665,0.0365018306643,0.0355620532121
2ctc.pdb,4440.0,6909.0,9986.0,12894.0,18152.0,24331.0,33564.0,44474.0,56273.0,69779.0,84246.0,100535.0,117855.0,137068.0,158381.0,182450.0,208479.0,237228.0,267997.0,301419.0,336810.0,373227.0,412085.0,453111.0,495791.0,0.0965717858047,0.08091893574,0.0700306965697,0.0583611194511,0.0560727692881,0.0535598422329,0.0544941851371,0.054773079282,0.0538114070483,0.0528401134652,0.0513770345357,0.0501012051769,0.0486095388872,0.0473180652299,0.046221068067,0.0454146594442,0.0446179142687,0.0439696860904,0.0433027637555,0.042713214742,0.0420892900001,0.0413381891958,0.0406428184394,0.0399665005411,0.0392668317205
2cts.pdb,5468.0,8390.0,12227.0,16476.0,22828.0,30384.0,41537.0,54533.0,68674.0,84333.0,101016.0,119691.0,140476.0,162942.0,188686.0,217076.0,248691.0,283852.0,320683.0,360502.0,402634.0,447802.0,495350.0,545927.0,598732.0,0.0972429114452,0.0803450425787,0.0701098360462,0.0609747300115,0.0576577301433,0.0546872937707,0.0551408849596,0.0549139280447,0.0536943733667,0.0522154115025,0.0503700133469,0.0487702004917,0.047373751367,0.0459924029139,0.0450234456827,0.0441800455584,0.0435180245651,0.0430171398233,0.0423666159371,0.0417697107456,0.0411395202541,0.0405533352971,0.0399458192893,0.0393720698003,0.0387723252699
2er7.pdb,4335.0,6883.0,9777.0,12333.0,17142.0,22864.0,31514.0,41948.0,53001.0,65930.0,80140.0,95807.0,112413.0,130236.0,150489.0,172724.0,197453.0,224292.0,253360.0,284725.0,317222.0,351711.0,387944.0,425593.0,464965.0,0.0968286880104,0.0827866658786,0.0704125630027,0.0573260915032,0.054379682353,0.0516867464185,0.0525445448387,0.0530542131657,0.0520482337465,0.0512707569356,0.050189946752,0.0490315683663,0.0476143303201,0.0461710344598,0.0451013254956,0.0441522189129,0.0433968632167,0.0426922313698,0.0420408401793,0.041434765884,0.0407096693055,0.040004790394,0.0392928656581,0.0385508223912,0.0378177022737
2had.pdb,4484.0,7016.0,10008.0,12856.0,17785.0,23894.0,32813.0,43627.0,55399.0,68759.0,83224.0,99278.0,117096.0,136569.0,158080.0,182153.0,208693.0,238289.0,269997.0,303781.0,340111.0,378367.0,418352.0,460882.0,505262.0,0.0962658405788,0.0811080314722,0.0692761098533,0.0574355947656,0.0542276398524,0.0519167503714,0.0525849784274,0.0530341516834,0.0522896236296,0.0513934607351,0.0500965294517,0.0488341037181,0.0476710656212,0.0465352812684,0.0455358171492,0.0447535853344,0.04408533474,0.043594401881,0.043060982325,0.0424904717619,0.0419514147899,0.0413648027121,0.0407266015246,0.040125510948,0.039498733487
2hpd.pdb,11950.0,18945.0,26500.0,34816.0,47647.0,63365.0,87262.0,115033.0,145776.0,178949.0,214623.0,254692.0,297477.0,344415.0,398257.0,456973.0,523434.0,596334.0,674495.0,759238.0,848620.0,942488.0,1041219.0,1145210.0,1254088.0,0.0975134110925,0.0832451097431,0.0697223327831,0.0591212996572,0.0552194701087,0.0523308658603,0.0531533650345,0.0531511374,0.0522985273181,0.0508390500606,0.0491049367264,0.0476184599332,0.0460315960319,0.0446069070679,0.0436043146747,0.0426748384726,0.0420279328406,0.0414673364114,0.0408877835402,0.0403644205143,0.0397858862174,0.0391636693298,0.0385272708668,0.0378970845223,0.0372635636469
2ihl.pdb,1572.0,2394.0,3560.0,4663.0,6495.0,8690.0,11831.0,15581.0,19501.0,23784.0,28427.0,33616.0,39227.0,45264.0,51726.0,59034.0,66887.0,75392.0,84309.0,93479.0,103127.0,112833.0,123205.0,133673.0,144730.0,0.0975278991192,0.0799775600555,0.0712124483361,0.060201927761,0.0572289414354,0.0545642439321,0.0547907114604,0.0547350259101,0.0531912500299,0.0513727638565,0.0494492612824,0.0477843805774,0.0461495658317,0.0445710502626,0.0430580964851,0.0419144179931,0.0408317225755,0.0398585703261,0.038856945325,0.0377845911527,0.0367593684682,0.0356470475089,0.0346604645186,0.0336313458882,0.0326960146661
2lal.pdb,6343.0,9856.0,14288.0,17831.0,24674.0,33201.0,46051.0,61121.0,77470.0,96374.0,116542.0,139488.0,163015.0,189174.0,218563.0,250575.0,285611.0,324784.0,367749.0,414717.0,463221.0,513922.0,567586.0,622934.0,682153.0,0.0973688082592,0.0814692118987,0.0707173823719,0.0569599367811,0.0537928969871,0.0515808323271,0.0527683320235,0.0531262629299,0.0522836244035,0.0515058709935,0.0501602926011,0.0490597791394,0.0474524792833,0.0460903706236,0.0450164651909,0.0440197715091,0.0431399592021,0.042485417918,0.0419367754687,0.0414764257204,0.0408538239378,0.0401729250777,0.0395081356479,0.0387785355318,0.0381300053858
2mhr.pdb,1508.0,2327.0,3362.0,4537.0,6288.0,8371.0,11397.0,14933.0,18756.0,22741.0,27099.0,32074.0,37549.0,43158.0,49540.0,56280.0,63940.0,72294.0,80780.0,90169.0,99822.0,109798.0,120172.0,130897.0,141868.0,0.0995598676089,0.082726953133,0.0715665810369,0.062333340773,0.0589597633924,0.0559335454608,0.0561671871903,0.0558243541262,0.0544415122069,0.0522714123829,0.0501635987231,0.0485176427187,0.0470097066522,0.0452238872782,0.0438842393342,0.0425228103468,0.0415370125711,0.0406729196696,0.0396191549914,0.0387850686314,0.0378641808633,0.0369137783874,0.0359762569537,0.0350458733698,0.0341057296553
2mnr.pdb,4731.0,7316.0,10505.0,13714.0,19036.0,25397.0,34758.0,45928.0,58235.0,71776.0,86745.0,103070.0,120787.0,140472.0,162572.0,186773.0,213796.0,243564.0,274980.0,309390.0,345253.0,382814.0,422375.0,463721.0,507136.0,0.0963688612331,0.0802463251202,0.0689936987115,0.0581321759854,0.0550705869443,0.0523574197805,0.0528503315343,0.0529730508769,0.0521524656662,0.0509019873632,0.0495428152594,0.0481038297024,0.046656286656,0.0454147737802,0.0444323344432,0.0435394336377,0.0428512023017,0.0422782499607,0.0416105328699,0.0410595696924,0.0404055078797,0.0397084279194,0.0390132115068,0.038305820399,0.0376156135437
2msb.pdb,2873.0,4689.0,6461.0,8456.0,11810.0,15639.0,21687.0,28621.0,36091.0,44482.0,53634.0,63747.0,74420.0,85732.0,98833.0,113097.0,128952.0,146068.0,164290.0,183613.0,203578.0,224577.0,245695.0,267935.0,290925.0,0.0973152989862,0.085525063485,0.0705626412161,0.0596045104156,0.0568140334977,0.0536125560086,0.0548345309468,0.0548938854944,0.0537466497235,0.0524567655712,0.0509375595981,0.0494730681686,0.0478014816089,0.04609056808,0.0449176552273,0.0438411040179,0.0429786960103,0.0421619514127,0.0413404324864,0.0405203570834,0.0396182847208,0.0387366334123,0.0377373615073,0.0368043514572,0.0358828118875
2pia.pdb,3774.0,5889.0,8441.0,10708.0,14992.0,19829.0,27311.0,36081.0,45623.0,56311.0,67788.0,80591.0,93973.0,108646.0,125122.0,142913.0,162631.0,184221.0,207830.0,233029.0,259224.0,286739.0,315509.0,345075.0,375673.0,0.0967543097985,0.0812975868979,0.069773726049,0.0571275292563,0.0545868743191,0.0514495137002,0.0522655089427,0.0523770051243,0.0514232178972,0.0502612599288,0.048727451225,0.0473389440603,0.045685429453,0.0442084995823,0.043039944723,0.0419300191876,0.041025266693,0.0402464597639,0.039581755502,0.0389226801138,0.038182376984,0.0374340048262,0.0366783587464,0.0358761759587,0.0350702075793
2por.pdb,2981.0,4845.0,6685.0,8421.0,11652.0,15328.0,21153.0,27996.0,35404.0,43419.0,51729.0,61446.0,70924.0,80999.0,92704.0,104842.0,118154.0,133029.0,148462.0,165140.0,181995.0,199496.0,217622.0,235658.0,254797.0,0.100177551807,0.0876738133544,0.0724334951153,0.0588898923956,0.0556120806573,0.0521321897914,0.0530627269947,0.0532718888655,0.0523079568757,0.0507995614007,0.0487410602587,0.0473113840092,0.045196817553,0.0432027811864,0.0418000224703,0.0403207532566,0.0390693804098,0.0380956062838,0.0370631336408,0.0361563898391,0.0351388241508,0.0341392308648,0.0331620182227,0.0321155120522,0.0311790356283
2rn2.pdb,1787.0,2816.0,3993.0,5156.0,7122.0,9471.0,12990.0,17119.0,21731.0,26669.0,31826.0,37906.0,44359.0,51168.0,59003.0,67271.0,76068.0,85978.0,96185.0,107318.0,118637.0,130427.0,142671.0,155427.0,168404.0,0.0980273035289,0.0831807499638,0.0706238527992,0.058857805864,0.0554861642876,0.0525811861185,0.053191325543,0.0531734169321,0.0524094018149,0.0509331977301,0.0489504866428,0.0476424471152,0.0461434909844,0.0445496766771,0.0434276372626,0.0422313815843,0.0410586020862,0.0401911069496,0.0391965862056,0.0383547729883,0.0373905617612,0.0364335182383,0.0354885232398,0.034575876144,0.0336383617656
2scp.pdb,4616.0,7132.0,10516.0,14143.0,19526.0,25723.0,35202.0,46223.0,57988.0,71064.0,85315.0,101712.0,119234.0,138383.0,159832.0,183762.0,210134.0,239231.0,269489.0,302129.0,337179.0,373925.0,412304.0,452838.0,494630.0,0.0967335696952,0.0804804555718,0.0710544993774,0.0616767685153,0.0581145567177,0.0545563202608,0.0550665554489,0.0548483056994,0.0534264763086,0.0518480910836,0.0501290253498,0.0488368008365,0.0473824731201,0.0460275402241,0.0449412090538,0.0440709107087,0.0433298713048,0.0427217461726,0.0419537560026,0.0412504005295,0.0405967495806,0.0399031351428,0.039179481206,0.0384838491283,0.0377443367144
2sga.pdb,2135.0,3345.0,4811.0,6124.0,8581.0,11724.0,16226.0,21544.0,27158.0,33581.0,40403.0,47975.0,56274.0,65272.0,75127.0,85975.0,97950.0,110818.0,124691.0,139370.0,154568.0,170172.0,186716.0,203597.0,221357.0,0.0959513752357,0.0809500504294,0.069713722495,0.0572739534045,0.0547710991416,0.0533262656856,0.0544344643996,0.0548243306198,0.0536609176637,0.0525434586893,0.050911909867,0.0494005638628,0.0479586895184,0.0465590226131,0.0453021668113,0.0442191520892,0.0433149105422,0.0424408191442,0.0416300395107,0.0408081556035,0.0399109662167,0.0389450736708,0.0380508688375,0.0371064087313,0.036224843233
2ycc.pdb,1127.0,1714.0,2589.0,3493.0,4806.0,6400.0,8709.0,11436.0,14224.0,17197.0,20472.0,24080.0,27908.0,32022.0,36733.0,41767.0,47224.0,52927.0,58952.0,65368.0,72202.0,79149.0,86202.0,93563.0,100940.0,0.0995012689707,0.0814860372662,0.0736998062172,0.0641758965486,0.0602627158401,0.0571869211433,0.057396069407,0.0571705701307,0.0552119942483,0.0528602365868,0.0506777619977,0.0487107463928,0.0467239568895,0.0448721384509,0.0435141701933,0.0422010141247,0.0410248621817,0.0398200780388,0.0386653225769,0.0376005539357,0.036624631287,0.0355845303173,0.0345105407217,0.0334990944514,0.0324509887522
3chy.pdb,1573.0,2397.0,3503.0,4570.0,6233.0,8313.0,11431.0,15027.0,19018.0,23213.0,27927.0,33116.0,38414.0,44072.0,50448.0,57517.0,65126.0,73892.0,83097.0,92782.0,102720.0,113032.0,123761.0,135074.0,146539.0,0.0986150441768,0.08091893574,0.0708083020588,0.0596210069375,0.0554972940193,0.0527453610514,0.0534943400226,0.0533433652659,0.0524187042193,0.0506660946699,0.0490897914724,0.0475681129612,0.0456678094038,0.0438531526515,0.0424353714629,0.0412663045139,0.0401743180082,0.0394758961557,0.0387006435387,0.0378967985389,0.0369988982393,0.0360850212523,0.0351826039304,0.0343408023006,0.0334524249154
3grs.pdb,5238.0,8340.0,11853.0,15293.0,21129.0,27891.0,37951.0,49850.0,62937.0,77305.0,92692.0,110169.0,128080.0,148148.0,170541.0,194862.0,221609.0,251886.0,284164.0,318579.0,354947.0,392595.0,431971.0,472972.0,515468.0,0.0969665313177,0.0831361854971,0.0707480123114,0.0589138914554,0.0555514679192,0.0522555580366,0.052443147413,0.0522534779435,0.0512235166666,0.0498236635998,0.0481117407381,0.0467282344145,0.044961819931,0.0435287072667,0.0423598852777,0.0412827313841,0.0403667158313,0.0397356682696,0.0390790335225,0.0384235823536,0.0377519340941,0.0370094160583,0.0362610751153,0.0355071670031,0.0347470553429
3rub.pdb,7614.0,12024.0,17244.0,22420.0,31432.0,42212.0,58101.0,76426.0,96386.0,119143.0,143530.0,170794.0,200747.0,233671.0,271018.0,312182.0,357458.0,407877.0,461768.0,519491.0,581061.0,645925.0,714270.0,785986.0,860560.0,0.0963585986563,0.0819396770115,0.0703631395668,0.0590448286625,0.0564949786481,0.0540661656179,0.054887110517,0.0547661745215,0.0536288578144,0.0524949881703,0.0509298901042,0.0495237828978,0.0481762357717,0.0469359951645,0.0460198652599,0.0452137327932,0.0445125301864,0.0439872634752,0.0434130029018,0.0428331459506,0.0422492165659,0.0416265865178,0.0409892272749,0.0403382115013,0.0396568932847
3sic.pdb,4630.0,7328.0,10492.0,13577.0,18965.0,25462.0,35074.0,46147.0,58219.0,71892.0,86337.0,102730.0,120518.0,140041.0,161874.0,186499.0,213453.0,242763.0,274359.0,308059.0,343390.0,380779.0,420022.0,460772.0,503327.0,0.0959488784525,0.0817733988912,0.0701046435745,0.0585506047482,0.0558177066278,0.0534027305251,0.0542566989746,0.0541497003457,0.0530433128224,0.05186939532,0.0501658663495,0.0487775292487,0.0473605813125,0.0460614627268,0.0450096477287,0.044230344388,0.043525205649,0.0428707945544,0.0422373355308,0.0415927039689,0.040885177297,0.040183059728,0.0394694131004,0.0387230197019,0.0379812338993
4blm.pdb,6812.0,10500.0,15348.0,20237.0,28127.0,37316.0,51630.0,67794.0,86154.0,105698.0,126883.0,150530.0,175710.0,203771.0,235355.0,269965.0,308048.0,349709.0,395430.0,444404.0,495746.0,549664.0,606199.0,664883.0,725870.0,0.0956614828537,0.0793998067836,0.0694934466685,0.0591394466294,0.0560978365329,0.053035857095,0.0541219894744,0.0539072777988,0.0531918263593,0.0516774347077,0.0499595317274,0.0484338652574,0.0467913036142,0.0454180471103,0.0443461071707,0.0433865217096,0.0425657725377,0.0418494161993,0.0412525191799,0.0406597562476,0.0399982525376,0.0393070875083,0.0386017864083,0.0378644735992,0.0371177162041
4enl.pdb,5614.0,8635.0,12684.0,16608.0,22984.0,30555.0,41868.0,55313.0,70042.0,86474.0,104040.0,124113.0,145693.0,169385.0,196211.0,225816.0,258187.0,294481.0,333199.0,374272.0,417702.0,463515.0,511684.0,562435.0,615427.0,0.0961713386751,0.0796532081133,0.0700582167192,0.0592051171359,0.0559189613459,0.0529745869448,0.0535383061289,0.0536530159973,0.0527519816359,0.0515739635964,0.0499719213554,0.048714037333,0.0473279982118,0.046054472452,0.0450989268755,0.0442703407827,0.0435198391399,0.0429883382638,0.0424028778852,0.0417719676601,0.0411111038376,0.0404341342241,0.0397470415277,0.0390723755996,0.0383892589528
5p21.pdb,1970.0,3005.0,4357.0,5718.0,7955.0,10619.0,14670.0,19265.0,24318.0,29797.0,35870.0,42672.0,49876.0,57430.0,66087.0,75519.0,85681.0,97069.0,109231.0,122411.0,136202.0,150300.0,164920.0,180187.0,196359.0,0.0962158054085,0.0790300664317,0.0686115681557,0.0581156366721,0.0551798616854,0.0524899129194,0.0534834563248,0.0532773824965,0.0522173748585,0.050666912721,0.0491206405368,0.0477514748904,0.0461931955142,0.0445187149872,0.0433077713209,0.0422105805957,0.041176021042,0.0403999543465,0.0396318635393,0.038951571269,0.0382193246236,0.0373809450084,0.0365244124196,0.0356884653735,0.0349213428264
7aat.pdb,11018.0,17139.0,24581.0,32330.0,44855.0,59432.0,81946.0,107952.0,136645.0,168621.0,202616.0,241525.0,283834.0,329592.0,381935.0,439815.0,503836.0,574687.0,649465.0,729442.0,815895.0,907273.0,1003726.0,1106488.0,1213517.0,0.0966189297855,0.0809305721279,0.0695006063401,0.058997527953,0.0558638091983,0.0527462802545,0.0536409390492,0.0536023488092,0.0526817492157,0.05148050791,0.0498179260034,0.0485271899722,0.0471987034891,0.0458732729116,0.0449384942793,0.0441381771528,0.0434738704774,0.0429448364364,0.0423090814907,0.0416748996123,0.041106741914,0.0405143190271,0.0399120786804,0.0393486999573,0.0387494238349
8abp.pdb,3885.0,5826.0,8757.0,11487.0,15857.0,21205.0,29122.0,38526.0,48736.0,59862.0,72213.0,86015.0,100817.0,117144.0,135376.0,155445.0,177764.0,202578.0,228821.0,257028.0,286493.0,317117.0,349210.0,382979.0,417991.0,0.0964512719289,0.0778852276312,0.0700973948494,0.0593461039014,0.0559111200358,0.0532803723015,0.0539693629465,0.054158238374,0.0531953664163,0.0517416014646,0.0502672092841,0.048927691791,0.0474631877173,0.0461594468461,0.0450949819608,0.0441650366389,0.0434250580075,0.0428577473676,0.0422018224583,0.0415739907469,0.0408648850125,0.0400910621765,0.0393127410905,0.0385581441138,0.0377871203611
8acn.pdb,10421.0,16201.0,23079.0,30049.0,41820.0,56160.0,77589.0,102766.0,130187.0,161079.0,194642.0,232070.0,272911.0,318246.0,369558.0,425990.0,489373.0,558906.0,634732.0,715599.0,801820.0,893550.0,990457.0,1093764.0,1203099.0,0.0964275384861,0.0807237230894,0.0688554409691,0.0578615900418,0.0549586357128,0.0525933484543,0.0535921274233,0.0538436894181,0.0529622334253,0.0518922279777,0.0504987577111,0.0492010402714,0.0478871424487,0.0467388743671,0.0458821643923,0.045110328616,0.0445565284738,0.0440707642589,0.0436315327098,0.0431405573739,0.0426273072733,0.0421038341402,0.0415582287124,0.0410430413391,0.0405371284053
8dfr.pdb,2176.0,3390.0,4871.0,6209.0,8637.0,11472.0,15873.0,20834.0,26228.0,32401.0,38831.0,46111.0,53732.0,62034.0,71476.0,81499.0,92683.0,105120.0,118303.0,132502.0,147362.0,162594.0,178457.0,195014.0,212079.0,0.0976469425286,0.0819156975464,0.0704770115069,0.0579815837409,0.0550456377925,0.0521015849301,0.0531701557852,0.0529378246823,0.051745420488,0.050620902113,0.0488574486871,0.047409775354,0.045723446762,0.0441827918114,0.0430357724319,0.0418539971262,0.0409241340244,0.0401980731287,0.0394379114091,0.038738833054,0.0379930881783,0.0371548383405,0.0363130781845,0.0354886741185,0.0346543179277
8rnt.pdb,1140.0,1785.0,2534.0,3243.0,4523.0,6036.0,8343.0,10991.0,13774.0,16912.0,20283.0,24110.0,28139.0,32427.0,37298.0,42323.0,47971.0,53984.0,60247.0,67007.0,73925.0,80969.0,88144.0,95365.0,102543.0,0.0988935147846,0.0833813377924,0.0708759941732,0.0585434841339,0.0557249617398,0.0529936984625,0.0540249486588,0.0539875777003,0.052532736794,0.0510775007658,0.0493341446727,0.0479207680176,0.0462890020017,0.0446471090496,0.0434128311939,0.0420169290509,0.0409469341526,0.0399069142064,0.0388254750307,0.0378710614458,0.0368445811971,0.0357678502864,0.0346725221756,0.0335487388959,0.0323913396627
9ldt.pdb,8745.0,12851.0,19290.0,25320.0,34611.0,46211.0,63769.0,84621.0,107129.0,132281.0,160071.0,190676.0,224603.0,262057.0,303907.0,350123.0,402049.0,458789.0,520586.0,587265.0,657495.0,731989.0,809773.0,892352.0,978719.0,0.0960840834871,0.0760319692326,0.0683366142545,0.057892725363,0.0540089849936,0.051386500528,0.0523010493903,0.052645767863,0.0517494425754,0.0506011999024,0.0493124689897,0.0480011087607,0.0467965016309,0.0456994542237,0.0448024687252,0.0440247786356,0.0434660606315,0.0429560916244,0.0424915441255,0.0420387794843,0.0415052871346,0.0409550344072,0.0403445289048,0.0397605208422,0.0391570159137
9wga.pdb,2778.0,4407.0,6323.0,8420.0,11763.0,15506.0,20852.0,27364.0,34008.0,41485.0,49164.0,57457.0,66311.0,75961.0,86646.0,97760.0,109633.0,122124.0,134769.0,147609.0,160296.0,173347.0,186696.0,200042.0,213530.0,0.0979903439515,0.0837069982611,0.0719124052079,0.0618061636754,0.0589290402197,0.0553557651718,0.0549044967306,0.0546542948647,0.0527398778556,0.0509464401058,0.0486240021491,0.046436297554,0.0443550236149,0.0425270565315,0.0410080541982,0.0394636395163,0.0380515188079,0.0367089689465,0.0353150184396,0.033922528878,0.0324857618253,0.0311371223356,0.0298617855506,0.0286151781431,0.0274264672639
