,2.0_rawcount,2.45833333333_rawcount,2.91666666667_rawcount,3.375_rawcount,3.83333333333_rawcount,4.29166666667_rawcount,4.75_rawcount,5.20833333333_rawcount,5.66666666667_rawcount,6.125_rawcount,6.58333333333_rawcount,7.04166666667_rawcount,7.5_rawcount,7.95833333333_rawcount,8.41666666667_rawcount,8.875_rawcount,9.33333333333_rawcount,9.79166666667_rawcount,10.25_rawcount,10.7083333333_rawcount,11.1666666667_rawcount,11.625_rawcount,12.0833333333_rawcount,12.5416666667_rawcount,13.0_rawcount,2.0_cv density,2.45833333333_cv density,2.91666666667_cv density,3.375_cv density,3.83333333333_cv density,4.29166666667_cv density,4.75_cv density,5.20833333333_cv density,5.66666666667_cv density,6.125_cv density,6.58333333333_cv density,7.04166666667_cv density,7.5_cv density,7.95833333333_cv density,8.41666666667_cv density,8.875_cv density,9.33333333333_cv density,9.79166666667_cv density,10.25_cv density,10.7083333333_cv density,11.1666666667_cv density,11.625_cv density,12.0833333333_cv density,12.5416666667_cv density,13.0_cv density,10.25_rawcount_cv density,10.7083333333_rawcount_cv density,11.1666666667_rawcount_cv density,11.625_rawcount_cv density,12.0833333333_rawcount_cv density,12.5416666667_rawcount_cv density,13.0_rawcount_cv density,2.0_rawcount_cv density,2.45833333333_rawcount_cv density,2.91666666667_rawcount_cv density,3.375_rawcount_cv density,3.83333333333_rawcount_cv density,4.29166666667_rawcount_cv density,4.75_rawcount_cv density,5.20833333333_rawcount_cv density,5.66666666667_rawcount_cv density,6.125_rawcount_cv density,6.58333333333_rawcount_cv density,7.04166666667_rawcount_cv density,7.5_rawcount_cv density,7.95833333333_rawcount_cv density,8.41666666667_rawcount_cv density,8.875_rawcount_cv density,9.33333333333_rawcount_cv density,9.79166666667_rawcount_cv density,2.0_volume estimate,2.45833333333_volume estimate,2.91666666667_volume estimate,3.375_volume estimate,3.83333333333_volume estimate,4.29166666667_volume estimate,4.75_volume estimate,5.20833333333_volume estimate,5.66666666667_volume estimate,6.125_volume estimate,6.58333333333_volume estimate,7.04166666667_volume estimate,7.5_volume estimate,7.95833333333_volume estimate,8.41666666667_volume estimate,8.875_volume estimate,9.33333333333_volume estimate,9.79166666667_volume estimate,10.25_volume estimate,10.7083333333_volume estimate,11.1666666667_volume estimate,11.625_volume estimate,12.0833333333_volume estimate,12.5416666667_volume estimate,13.0_volume estimate
1a49.pdb,28298.0,28298.0,28298.0,29837.0,29837.0,30874.0,30874.0,31473.0,31473.0,31711.0,31711.0,31810.0,31810.0,31810.0,31822.0,31822.0,31824.0,31824.0,31824.0,31824.0,31824.0,31824.0,31824.0,31824.0,31824.0,,,,,,,,,,,,,,,,,,,,,,,,,,,,,,,,,,,,,,,,,,,,,,,,,,,137655.0,137655.0,137655.0,141142.0,141142.0,144700.0,144700.0,147444.0,147444.0,148346.0,148346.0,148220.0,148220.0,148220.0,148244.0,148244.0,148239.0,148239.0,148239.0,148239.0,148239.0,148239.0,148239.0,148239.0,148239.0
1bea.pdb,735.0,735.0,735.0,800.0,800.0,845.0,845.0,870.0,870.0,878.0,878.0,886.0,886.0,886.0,888.0,888.0,888.0,888.0,888.0,888.0,888.0,888.0,888.0,888.0,888.0,,,,,,,,,,,,,,,,,,,,,,,,,,,,,,,,,,,,,,,,,,,,,,,,,,,5745.0,5745.0,5745.0,6016.0,6016.0,6192.0,6192.0,6323.0,6323.0,6381.0,6381.0,6448.0,6448.0,6448.0,6477.0,6477.0,6477.0,6477.0,6477.0,6477.0,6477.0,6477.0,6477.0,6477.0,6477.0
1bgk.pdb,229.0,229.0,229.0,254.0,254.0,275.0,275.0,288.0,288.0,295.0,295.0,295.0,295.0,295.0,295.0,295.0,295.0,295.0,295.0,295.0,295.0,295.0,295.0,295.0,295.0,,,,,,,,,,,,,,,,,,,,,,,,,,,,,,,,,,,,,,,,,,,,,,,,,,,2186.0,2186.0,2186.0,2420.0,2420.0,2605.0,2605.0,2724.0,2724.0,2774.0,2774.0,2774.0,2774.0,2774.0,2774.0,2774.0,2774.0,2774.0,2774.0,2774.0,2774.0,2774.0,2774.0,2774.0,2774.0
1cqw.pdb,2085.0,2085.0,2085.0,2194.0,2194.0,2281.0,2281.0,2317.0,2317.0,2336.0,2336.0,2346.0,2346.0,2346.0,2347.0,2347.0,2349.0,2349.0,2352.0,2352.0,2355.0,2355.0,2356.0,2356.0,2358.0,,,,,,,,,,,,,,,,,,,,,,,,,,,,,,,,,,,,,,,,,,,,,,,,,,,10494.0,10494.0,10494.0,11022.0,11022.0,11325.0,11325.0,11425.0,11425.0,11542.0,11542.0,11582.0,11582.0,11582.0,11609.0,11609.0,11657.0,11657.0,11706.0,11706.0,11773.0,11773.0,11803.0,11803.0,11825.0
1dul.pdb,1311.0,1311.0,1311.0,1404.0,1404.0,1460.0,1460.0,1498.0,1498.0,1524.0,1524.0,1535.0,1535.0,1535.0,1544.0,1544.0,1549.0,1549.0,1554.0,1554.0,1560.0,1560.0,1566.0,1566.0,1570.0,,,,,,,,,,,,,,,,,,,,,,,,,,,,,,,,,,,,,,,,,,,,,,,,,,,10974.0,10974.0,10974.0,11610.0,11610.0,12089.0,12089.0,12622.0,12622.0,13272.0,13272.0,13829.0,13829.0,13829.0,14381.0,14381.0,14619.0,14619.0,15017.0,15017.0,15410.0,15410.0,15739.0,15739.0,15898.0
1EHW.pdb,1945.0,1945.0,1945.0,2060.0,2060.0,2142.0,2142.0,2195.0,2195.0,2229.0,2229.0,2252.0,2252.0,2252.0,2254.0,2254.0,2254.0,2254.0,2254.0,2254.0,2254.0,2254.0,2254.0,2254.0,2254.0,,,,,,,,,,,,,,,,,,,,,,,,,,,,,,,,,,,,,,,,,,,,,,,,,,,12107.0,12107.0,12107.0,12650.0,12650.0,13072.0,13072.0,13561.0,13561.0,13870.0,13870.0,14004.0,14004.0,14004.0,14028.0,14028.0,14028.0,14028.0,14028.0,14028.0,14028.0,14028.0,14028.0,14028.0,14028.0
1ESW.pdb,3514.0,3514.0,3514.0,3727.0,3727.0,3878.0,3878.0,3985.0,3985.0,4034.0,4034.0,4063.0,4063.0,4063.0,4064.0,4064.0,4064.0,4064.0,4064.0,4064.0,4064.0,4064.0,4064.0,4064.0,4064.0,,,,,,,,,,,,,,,,,,,,,,,,,,,,,,,,,,,,,,,,,,,,,,,,,,,18497.0,18497.0,18497.0,19261.0,19261.0,20067.0,20067.0,20629.0,20629.0,20918.0,20918.0,21078.0,21078.0,21078.0,21098.0,21098.0,21098.0,21098.0,21098.0,21098.0,21098.0,21098.0,21098.0,21098.0,21098.0
1EVC.pdb,0.0,0.0,0.0,0.0,0.0,0.0,0.0,0.0,0.0,0.0,0.0,0.0,0.0,0.0,0.0,0.0,0.0,0.0,0.0,0.0,0.0,0.0,0.0,0.0,0.0,,,,,,,,,,,,,,,,,,,,,,,,,,,,,,,,,,,,,,,,,,,,,,,,,,,0.0,0.0,0.0,0.0,0.0,0.0,0.0,0.0,0.0,0.0,0.0,0.0,0.0,0.0,0.0,0.0,0.0,0.0,0.0,0.0,0.0,0.0,0.0,0.0,0.0
1fqp.pdb,328.0,328.0,328.0,364.0,364.0,393.0,393.0,409.0,409.0,417.0,417.0,418.0,418.0,418.0,418.0,418.0,418.0,418.0,418.0,418.0,418.0,418.0,418.0,418.0,418.0,,,,,,,,,,,,,,,,,,,,,,,,,,,,,,,,,,,,,,,,,,,,,,,,,,,3021.0,3021.0,3021.0,3201.0,3201.0,3369.0,3369.0,3446.0,3446.0,3508.0,3508.0,3508.0,3508.0,3508.0,3508.0,3508.0,3508.0,3508.0,3508.0,3508.0,3508.0,3508.0,3508.0,3508.0,3508.0
1fzl.pdb,288.0,288.0,288.0,340.0,340.0,393.0,393.0,434.0,434.0,468.0,468.0,480.0,480.0,480.0,487.0,487.0,496.0,496.0,500.0,500.0,502.0,502.0,506.0,506.0,512.0,,,,,,,,,,,,,,,,,,,,,,,,,,,,,,,,,,,,,,,,,,,,,,,,,,,3725.0,3725.0,3725.0,4124.0,4124.0,4490.0,4490.0,5036.0,5036.0,5691.0,5691.0,6005.0,6005.0,6005.0,6267.0,6267.0,6482.0,6482.0,6537.0,6537.0,6563.0,6563.0,6628.0,6628.0,6707.0
1gou.pdb,1562.0,1562.0,1562.0,1656.0,1656.0,1716.0,1716.0,1748.0,1748.0,1762.0,1762.0,1769.0,1769.0,1769.0,1773.0,1773.0,1773.0,1773.0,1773.0,1773.0,1773.0,1773.0,1773.0,1773.0,1773.0,,,,,,,,,,,,,,,,,,,,,,,,,,,,,,,,,,,,,,,,,,,,,,,,,,,10375.0,10375.0,10375.0,10740.0,10740.0,10941.0,10941.0,11135.0,11135.0,11249.0,11249.0,11335.0,11335.0,11335.0,11391.0,11391.0,11391.0,11391.0,11391.0,11391.0,11391.0,11391.0,11391.0,11391.0,11391.0
1GQO.pdb,23232.0,23232.0,23232.0,24530.0,24530.0,25314.0,25314.0,25904.0,25904.0,26011.0,26011.0,26071.0,26071.0,26071.0,26094.0,26094.0,26101.0,26101.0,26109.0,26109.0,26110.0,26110.0,26111.0,26111.0,26112.0,,,,,,,,,,,,,,,,,,,,,,,,,,,,,,,,,,,,,,,,,,,,,,,,,,,111044.0,111044.0,111044.0,114544.0,114544.0,117111.0,117111.0,119080.0,119080.0,119139.0,119139.0,119231.0,119231.0,119231.0,119365.0,119365.0,119348.0,119348.0,119318.0,119318.0,119317.0,119317.0,119331.0,119331.0,119329.0
1H2L.pdb,2450.0,2450.0,2450.0,2640.0,2640.0,2770.0,2770.0,2841.0,2841.0,2859.0,2859.0,2872.0,2872.0,2872.0,2874.0,2874.0,2874.0,2874.0,2874.0,2874.0,2874.0,2874.0,2874.0,2874.0,2874.0,,,,,,,,,,,,,,,,,,,,,,,,,,,,,,,,,,,,,,,,,,,,,,,,,,,15231.0,15231.0,15231.0,16028.0,16028.0,16644.0,16644.0,17076.0,17076.0,17244.0,17244.0,17352.0,17352.0,17352.0,17364.0,17364.0,17364.0,17364.0,17364.0,17364.0,17364.0,17364.0,17364.0,17364.0,17364.0
1h35.pdb,13085.0,13085.0,13085.0,13856.0,13856.0,14384.0,14384.0,14646.0,14646.0,14787.0,14787.0,14886.0,14886.0,14886.0,14892.0,14892.0,14892.0,14892.0,14892.0,14892.0,14892.0,14892.0,14892.0,14892.0,14892.0,,,,,,,,,,,,,,,,,,,,,,,,,,,,,,,,,,,,,,,,,,,,,,,,,,,63766.0,63766.0,63766.0,65530.0,65530.0,67039.0,67039.0,67499.0,67499.0,67919.0,67919.0,68189.0,68189.0,68189.0,68183.0,68183.0,68183.0,68183.0,68183.0,68183.0,68183.0,68183.0,68183.0,68183.0,68183.0
1h4m.pdb,1833.0,1833.0,1833.0,1953.0,1953.0,2030.0,2030.0,2077.0,2077.0,2086.0,2086.0,2097.0,2097.0,2097.0,2097.0,2097.0,2097.0,2097.0,2097.0,2097.0,2097.0,2097.0,2097.0,2097.0,2097.0,,,,,,,,,,,,,,,,,,,,,,,,,,,,,,,,,,,,,,,,,,,,,,,,,,,10308.0,10308.0,10308.0,10689.0,10689.0,11075.0,11075.0,11284.0,11284.0,11317.0,11317.0,11345.0,11345.0,11345.0,11345.0,11345.0,11345.0,11345.0,11345.0,11345.0,11345.0,11345.0,11345.0,11345.0,11345.0
1h9w.pdb,3116.0,3116.0,3116.0,3280.0,3280.0,3398.0,3398.0,3442.0,3442.0,3475.0,3475.0,3485.0,3485.0,3485.0,3485.0,3485.0,3485.0,3485.0,3485.0,3485.0,3485.0,3485.0,3485.0,3485.0,3485.0,,,,,,,,,,,,,,,,,,,,,,,,,,,,,,,,,,,,,,,,,,,,,,,,,,,16536.0,16536.0,16536.0,17036.0,17036.0,17633.0,17633.0,17968.0,17968.0,18243.0,18243.0,18334.0,18334.0,18334.0,18334.0,18334.0,18334.0,18334.0,18334.0,18334.0,18334.0,18334.0,18334.0,18334.0,18334.0
1hv1.pdb,1271.0,1271.0,1271.0,1357.0,1357.0,1407.0,1407.0,1430.0,1430.0,1442.0,1442.0,1444.0,1444.0,1444.0,1444.0,1444.0,1444.0,1444.0,1444.0,1444.0,1444.0,1444.0,1444.0,1444.0,1444.0,,,,,,,,,,,,,,,,,,,,,,,,,,,,,,,,,,,,,,,,,,,,,,,,,,,7361.0,7361.0,7361.0,7641.0,7641.0,7819.0,7819.0,7866.0,7866.0,7875.0,7875.0,7872.0,7872.0,7872.0,7872.0,7872.0,7872.0,7872.0,7872.0,7872.0,7872.0,7872.0,7872.0,7872.0,7872.0
1iig.pdb,3348.0,3348.0,3348.0,3538.0,3538.0,3638.0,3638.0,3716.0,3716.0,3748.0,3748.0,3759.0,3759.0,3759.0,3762.0,3762.0,3764.0,3764.0,3764.0,3764.0,3764.0,3764.0,3764.0,3764.0,3764.0,,,,,,,,,,,,,,,,,,,,,,,,,,,,,,,,,,,,,,,,,,,,,,,,,,,17219.0,17219.0,17219.0,17895.0,17895.0,18445.0,18445.0,18990.0,18990.0,19195.0,19195.0,19295.0,19295.0,19295.0,19330.0,19330.0,19349.0,19349.0,19349.0,19349.0,19349.0,19349.0,19349.0,19349.0,19349.0
1j3k.pdb,7723.0,7723.0,7723.0,8269.0,8269.0,8654.0,8654.0,8913.0,8913.0,9025.0,9025.0,9063.0,9063.0,9063.0,9084.0,9084.0,9095.0,9095.0,9097.0,9097.0,9097.0,9097.0,9097.0,9097.0,9097.0,,,,,,,,,,,,,,,,,,,,,,,,,,,,,,,,,,,,,,,,,,,,,,,,,,,43581.0,43581.0,43581.0,46241.0,46241.0,48563.0,48563.0,50121.0,50121.0,50726.0,50726.0,50979.0,50979.0,50979.0,51218.0,51218.0,51332.0,51332.0,51336.0,51336.0,51336.0,51336.0,51336.0,51336.0,51336.0
1jh1.pdb,1056.0,1056.0,1056.0,1145.0,1145.0,1206.0,1206.0,1233.0,1233.0,1249.0,1249.0,1258.0,1258.0,1258.0,1260.0,1260.0,1263.0,1263.0,1267.0,1267.0,1268.0,1268.0,1269.0,1269.0,1269.0,,,,,,,,,,,,,,,,,,,,,,,,,,,,,,,,,,,,,,,,,,,,,,,,,,,7129.0,7129.0,7129.0,7499.0,7499.0,7863.0,7863.0,8088.0,8088.0,8252.0,8252.0,8345.0,8345.0,8345.0,8447.0,8447.0,8617.0,8617.0,8782.0,8782.0,8852.0,8852.0,8932.0,8932.0,8932.0
1JOU.pdb,6320.0,6320.0,6320.0,6776.0,6776.0,7044.0,7044.0,7220.0,7220.0,7320.0,7320.0,7392.0,7392.0,7392.0,7413.0,7413.0,7417.0,7417.0,7419.0,7419.0,7419.0,7419.0,7419.0,7419.0,7419.0,,,,,,,,,,,,,,,,,,,,,,,,,,,,,,,,,,,,,,,,,,,,,,,,,,,35404.0,35404.0,35404.0,37127.0,37127.0,38830.0,38830.0,40114.0,40114.0,41245.0,41245.0,42210.0,42210.0,42210.0,42988.0,42988.0,43024.0,43024.0,43056.0,43056.0,43056.0,43056.0,43056.0,43056.0,43056.0
1jsv.pdb,2022.0,2022.0,2022.0,2160.0,2160.0,2232.0,2232.0,2280.0,2280.0,2304.0,2304.0,2315.0,2315.0,2315.0,2316.0,2316.0,2316.0,2316.0,2316.0,2316.0,2316.0,2316.0,2316.0,2316.0,2316.0,,,,,,,,,,,,,,,,,,,,,,,,,,,,,,,,,,,,,,,,,,,,,,,,,,,12970.0,12970.0,12970.0,13467.0,13467.0,14027.0,14027.0,14535.0,14535.0,14775.0,14775.0,14885.0,14885.0,14885.0,14901.0,14901.0,14901.0,14901.0,14901.0,14901.0,14901.0,14901.0,14901.0,14901.0,14901.0
1JUP.pdb,5125.0,5125.0,5125.0,5593.0,5593.0,5903.0,5903.0,6087.0,6087.0,6167.0,6167.0,6186.0,6186.0,6186.0,6188.0,6188.0,6188.0,6188.0,6188.0,6188.0,6188.0,6188.0,6188.0,6188.0,6188.0,,,,,,,,,,,,,,,,,,,,,,,,,,,,,,,,,,,,,,,,,,,,,,,,,,,32021.0,32021.0,32021.0,33334.0,33334.0,34303.0,34303.0,35111.0,35111.0,35564.0,35564.0,35720.0,35720.0,35720.0,35752.0,35752.0,35752.0,35752.0,35752.0,35752.0,35752.0,35752.0,35752.0,35752.0,35752.0
1jw3.pdb,883.0,883.0,883.0,994.0,994.0,1059.0,1059.0,1104.0,1104.0,1126.0,1126.0,1136.0,1136.0,1136.0,1139.0,1139.0,1139.0,1139.0,1139.0,1139.0,1139.0,1139.0,1139.0,1139.0,1139.0,,,,,,,,,,,,,,,,,,,,,,,,,,,,,,,,,,,,,,,,,,,,,,,,,,,7161.0,7161.0,7161.0,7622.0,7622.0,8072.0,8072.0,8402.0,8402.0,8684.0,8684.0,8833.0,8833.0,8833.0,8884.0,8884.0,8884.0,8884.0,8884.0,8884.0,8884.0,8884.0,8884.0,8884.0,8884.0
1KAS.pdb,2611.0,2611.0,2611.0,2771.0,2771.0,2881.0,2881.0,2948.0,2948.0,2976.0,2976.0,2998.0,2998.0,2998.0,3003.0,3003.0,3004.0,3004.0,3004.0,3004.0,3004.0,3004.0,3004.0,3004.0,3004.0,,,,,,,,,,,,,,,,,,,,,,,,,,,,,,,,,,,,,,,,,,,,,,,,,,,14095.0,14095.0,14095.0,14761.0,14761.0,15389.0,15389.0,15962.0,15962.0,16227.0,16227.0,16430.0,16430.0,16430.0,16485.0,16485.0,16505.0,16505.0,16505.0,16505.0,16505.0,16505.0,16505.0,16505.0,16505.0
1KG4.pdb,1534.0,1534.0,1534.0,1641.0,1641.0,1712.0,1712.0,1766.0,1766.0,1780.0,1780.0,1787.0,1787.0,1787.0,1789.0,1789.0,1789.0,1789.0,1789.0,1789.0,1789.0,1789.0,1789.0,1789.0,1789.0,,,,,,,,,,,,,,,,,,,,,,,,,,,,,,,,,,,,,,,,,,,,,,,,,,,9929.0,9929.0,9929.0,10424.0,10424.0,10899.0,10899.0,11201.0,11201.0,11301.0,11301.0,11329.0,11329.0,11329.0,11357.0,11357.0,11357.0,11357.0,11357.0,11357.0,11357.0,11357.0,11357.0,11357.0,11357.0
1khd.pdb,8403.0,8403.0,8403.0,8965.0,8965.0,9362.0,9362.0,9618.0,9618.0,9693.0,9693.0,9727.0,9727.0,9727.0,9732.0,9732.0,9732.0,9732.0,9732.0,9732.0,9732.0,9732.0,9732.0,9732.0,9732.0,,,,,,,,,,,,,,,,,,,,,,,,,,,,,,,,,,,,,,,,,,,,,,,,,,,46486.0,46486.0,46486.0,47712.0,47712.0,49142.0,49142.0,50328.0,50328.0,50674.0,50674.0,50854.0,50854.0,50854.0,50859.0,50859.0,50859.0,50859.0,50859.0,50859.0,50859.0,50859.0,50859.0,50859.0,50859.0
1l0h.pdb,457.0,457.0,457.0,511.0,511.0,552.0,552.0,576.0,576.0,587.0,587.0,591.0,591.0,591.0,593.0,593.0,593.0,593.0,593.0,593.0,593.0,593.0,593.0,593.0,593.0,,,,,,,,,,,,,,,,,,,,,,,,,,,,,,,,,,,,,,,,,,,,,,,,,,,3846.0,3846.0,3846.0,4152.0,4152.0,4443.0,4443.0,4746.0,4746.0,4861.0,4861.0,4887.0,4887.0,4887.0,4917.0,4917.0,4917.0,4917.0,4917.0,4917.0,4917.0,4917.0,4917.0,4917.0,4917.0
1LND.pdb,2211.0,2211.0,2211.0,2338.0,2338.0,2412.0,2412.0,2441.0,2441.0,2448.0,2448.0,2451.0,2451.0,2451.0,2451.0,2451.0,2451.0,2451.0,2451.0,2451.0,2451.0,2451.0,2451.0,2451.0,2451.0,,,,,,,,,,,,,,,,,,,,,,,,,,,,,,,,,,,,,,,,,,,,,,,,,,,11902.0,11902.0,11902.0,12368.0,12368.0,12572.0,12572.0,12741.0,12741.0,12811.0,12811.0,12843.0,12843.0,12843.0,12843.0,12843.0,12843.0,12843.0,12843.0,12843.0,12843.0,12843.0,12843.0,12843.0,12843.0
1lru.pdb,3209.0,3209.0,3209.0,3476.0,3476.0,3690.0,3690.0,3821.0,3821.0,3888.0,3888.0,3906.0,3906.0,3906.0,3917.0,3917.0,3924.0,3924.0,3935.0,3935.0,3947.0,3947.0,3954.0,3954.0,3961.0,,,,,,,,,,,,,,,,,,,,,,,,,,,,,,,,,,,,,,,,,,,,,,,,,,,23342.0,23342.0,23342.0,24506.0,24506.0,25774.0,25774.0,26812.0,26812.0,27292.0,27292.0,27611.0,27611.0,27611.0,27936.0,27936.0,28231.0,28231.0,28751.0,28751.0,29397.0,29397.0,29913.0,29913.0,30397.0
1LZZ.pdb,5845.0,5845.0,5845.0,6213.0,6213.0,6442.0,6442.0,6587.0,6587.0,6659.0,6659.0,6702.0,6702.0,6702.0,6720.0,6720.0,6728.0,6728.0,6732.0,6732.0,6740.0,6740.0,6740.0,6740.0,6740.0,,,,,,,,,,,,,,,,,,,,,,,,,,,,,,,,,,,,,,,,,,,,,,,,,,,31774.0,31774.0,31774.0,32891.0,32891.0,34264.0,34264.0,35392.0,35392.0,36562.0,36562.0,37656.0,37656.0,37656.0,38213.0,38213.0,38482.0,38482.0,38695.0,38695.0,39078.0,39078.0,39078.0,39078.0,39078.0
1M54.pdb,13727.0,13727.0,13727.0,14649.0,14649.0,15283.0,15283.0,15675.0,15675.0,15962.0,15962.0,16123.0,16123.0,16123.0,16183.0,16183.0,16217.0,16217.0,16262.0,16262.0,16269.0,16269.0,16274.0,16274.0,16278.0,,,,,,,,,,,,,,,,,,,,,,,,,,,,,,,,,,,,,,,,,,,,,,,,,,,75639.0,75639.0,75639.0,77826.0,77826.0,80369.0,80369.0,82883.0,82883.0,85944.0,85944.0,88241.0,88241.0,88241.0,89418.0,89418.0,90317.0,90317.0,91862.0,91862.0,91888.0,91888.0,91971.0,91971.0,92010.0
1ML5.pdb,0.0,0.0,0.0,0.0,0.0,0.0,0.0,0.0,0.0,0.0,0.0,0.0,0.0,0.0,0.0,0.0,0.0,0.0,0.0,0.0,0.0,0.0,0.0,0.0,0.0,,,,,,,,,,,,,,,,,,,,,,,,,,,,,,,,,,,,,,,,,,,,,,,,,,,0.0,0.0,0.0,0.0,0.0,0.0,0.0,0.0,0.0,0.0,0.0,0.0,0.0,0.0,0.0,0.0,0.0,0.0,0.0,0.0,0.0,0.0,0.0,0.0,0.0
1MQQ.pdb,5088.0,5088.0,5088.0,5337.0,5337.0,5517.0,5517.0,5619.0,5619.0,5661.0,5661.0,5680.0,5680.0,5680.0,5681.0,5681.0,5681.0,5681.0,5681.0,5681.0,5681.0,5681.0,5681.0,5681.0,5681.0,,,,,,,,,,,,,,,,,,,,,,,,,,,,,,,,,,,,,,,,,,,,,,,,,,,23462.0,23462.0,23462.0,24078.0,24078.0,24541.0,24541.0,24861.0,24861.0,25031.0,25031.0,25148.0,25148.0,25148.0,25159.0,25159.0,25159.0,25159.0,25159.0,25159.0,25159.0,25159.0,25159.0,25159.0,25159.0
1N1F.pdb,994.0,994.0,994.0,1071.0,1071.0,1137.0,1137.0,1181.0,1181.0,1199.0,1199.0,1209.0,1209.0,1209.0,1214.0,1214.0,1219.0,1219.0,1223.0,1223.0,1227.0,1227.0,1227.0,1227.0,1227.0,,,,,,,,,,,,,,,,,,,,,,,,,,,,,,,,,,,,,,,,,,,,,,,,,,,6959.0,6959.0,6959.0,7216.0,7216.0,7542.0,7542.0,7814.0,7814.0,7943.0,7943.0,8052.0,8052.0,8052.0,8205.0,8205.0,8474.0,8474.0,8846.0,8846.0,9246.0,9246.0,9246.0,9246.0,9246.0
1N2L.pdb,3266.0,3266.0,3266.0,3420.0,3420.0,3522.0,3522.0,3581.0,3581.0,3609.0,3609.0,3624.0,3624.0,3624.0,3633.0,3633.0,3638.0,3638.0,3644.0,3644.0,3647.0,3647.0,3651.0,3651.0,3655.0,,,,,,,,,,,,,,,,,,,,,,,,,,,,,,,,,,,,,,,,,,,,,,,,,,,15803.0,15803.0,15803.0,16358.0,16358.0,16985.0,16985.0,17516.0,17516.0,17947.0,17947.0,18470.0,18470.0,18470.0,18961.0,18961.0,19391.0,19391.0,19883.0,19883.0,20196.0,20196.0,20594.0,20594.0,20987.0
1n3o.pdb,3360.0,3360.0,3360.0,3532.0,3532.0,3649.0,3649.0,3689.0,3689.0,3703.0,3703.0,3711.0,3711.0,3711.0,3714.0,3714.0,3714.0,3714.0,3714.0,3714.0,3714.0,3714.0,3714.0,3714.0,3714.0,,,,,,,,,,,,,,,,,,,,,,,,,,,,,,,,,,,,,,,,,,,,,,,,,,,17416.0,17416.0,17416.0,18143.0,18143.0,18668.0,18668.0,18826.0,18826.0,18945.0,18945.0,19007.0,19007.0,19007.0,19023.0,19023.0,19023.0,19023.0,19023.0,19023.0,19023.0,19023.0,19023.0,19023.0,19023.0
1n67.pdb,2232.0,2232.0,2232.0,2405.0,2405.0,2492.0,2492.0,2536.0,2536.0,2544.0,2544.0,2546.0,2546.0,2546.0,2547.0,2547.0,2547.0,2547.0,2547.0,2547.0,2547.0,2547.0,2547.0,2547.0,2547.0,,,,,,,,,,,,,,,,,,,,,,,,,,,,,,,,,,,,,,,,,,,,,,,,,,,13925.0,13925.0,13925.0,14655.0,14655.0,15164.0,15164.0,15524.0,15524.0,15624.0,15624.0,15648.0,15648.0,15648.0,15660.0,15660.0,15660.0,15660.0,15660.0,15660.0,15660.0,15660.0,15660.0,15660.0,15660.0
1NX4.pdb,5014.0,5014.0,5014.0,5424.0,5424.0,5733.0,5733.0,5924.0,5924.0,6017.0,6017.0,6079.0,6079.0,6079.0,6099.0,6099.0,6105.0,6105.0,6105.0,6105.0,6105.0,6105.0,6105.0,6105.0,6105.0,,,,,,,,,,,,,,,,,,,,,,,,,,,,,,,,,,,,,,,,,,,,,,,,,,,31441.0,31441.0,31441.0,33315.0,33315.0,35346.0,35346.0,36352.0,36352.0,36796.0,36796.0,37196.0,37196.0,37196.0,37190.0,37190.0,37205.0,37205.0,37205.0,37205.0,37205.0,37205.0,37205.0,37205.0,37205.0
1NXE.pdb,5836.0,5836.0,5836.0,6206.0,6206.0,6461.0,6461.0,6618.0,6618.0,6677.0,6677.0,6709.0,6709.0,6709.0,6712.0,6712.0,6714.0,6714.0,6717.0,6717.0,6718.0,6718.0,6719.0,6719.0,6719.0,,,,,,,,,,,,,,,,,,,,,,,,,,,,,,,,,,,,,,,,,,,,,,,,,,,32048.0,32048.0,32048.0,33109.0,33109.0,34074.0,34074.0,34950.0,34950.0,35344.0,35344.0,35513.0,35513.0,35513.0,35548.0,35548.0,35567.0,35567.0,35571.0,35571.0,35575.0,35575.0,35574.0,35574.0,35574.0
1nze.pdb,715.0,715.0,715.0,780.0,780.0,826.0,826.0,850.0,850.0,860.0,860.0,867.0,867.0,867.0,870.0,870.0,873.0,873.0,875.0,875.0,877.0,877.0,877.0,877.0,877.0,,,,,,,,,,,,,,,,,,,,,,,,,,,,,,,,,,,,,,,,,,,,,,,,,,,5372.0,5372.0,5372.0,5764.0,5764.0,6040.0,6040.0,6164.0,6164.0,6192.0,6192.0,6210.0,6210.0,6210.0,6245.0,6245.0,6267.0,6267.0,6276.0,6276.0,6274.0,6274.0,6274.0,6274.0,6274.0
1o39.pdb,1508.0,1508.0,1508.0,1610.0,1610.0,1654.0,1654.0,1675.0,1675.0,1680.0,1680.0,1682.0,1682.0,1682.0,1682.0,1682.0,1682.0,1682.0,1682.0,1682.0,1682.0,1682.0,1682.0,1682.0,1682.0,,,,,,,,,,,,,,,,,,,,,,,,,,,,,,,,,,,,,,,,,,,,,,,,,,,8733.0,8733.0,8733.0,9001.0,9001.0,9073.0,9073.0,9146.0,9146.0,9162.0,9162.0,9163.0,9163.0,9163.0,9163.0,9163.0,9163.0,9163.0,9163.0,9163.0,9163.0,9163.0,9163.0,9163.0,9163.0
1OFV.pdb,1133.0,1133.0,1133.0,1228.0,1228.0,1285.0,1285.0,1309.0,1309.0,1315.0,1315.0,1318.0,1318.0,1318.0,1318.0,1318.0,1318.0,1318.0,1318.0,1318.0,1318.0,1318.0,1318.0,1318.0,1318.0,,,,,,,,,,,,,,,,,,,,,,,,,,,,,,,,,,,,,,,,,,,,,,,,,,,6928.0,6928.0,6928.0,7368.0,7368.0,7655.0,7655.0,7801.0,7801.0,7826.0,7826.0,7845.0,7845.0,7845.0,7845.0,7845.0,7845.0,7845.0,7845.0,7845.0,7845.0,7845.0,7845.0,7845.0,7845.0
1OHP.pdb,3195.0,3195.0,3195.0,3444.0,3444.0,3599.0,3599.0,3711.0,3711.0,3761.0,3761.0,3783.0,3783.0,3783.0,3784.0,3784.0,3784.0,3784.0,3784.0,3784.0,3784.0,3784.0,3784.0,3784.0,3784.0,,,,,,,,,,,,,,,,,,,,,,,,,,,,,,,,,,,,,,,,,,,,,,,,,,,20052.0,20052.0,20052.0,20902.0,20902.0,21720.0,21720.0,22391.0,22391.0,22607.0,22607.0,22710.0,22710.0,22710.0,22701.0,22701.0,22701.0,22701.0,22701.0,22701.0,22701.0,22701.0,22701.0,22701.0,22701.0
1ojd.pdb,34539.0,34539.0,34539.0,36652.0,36652.0,38124.0,38124.0,38947.0,38947.0,39339.0,39339.0,39548.0,39548.0,39548.0,39648.0,39648.0,39685.0,39685.0,39729.0,39729.0,39773.0,39773.0,39791.0,39791.0,39801.0,,,,,,,,,,,,,,,,,,,,,,,,,,,,,,,,,,,,,,,,,,,,,,,,,,,178191.0,178191.0,178191.0,185056.0,185056.0,188643.0,188643.0,192769.0,192769.0,195716.0,195716.0,197291.0,197291.0,197291.0,198654.0,198654.0,199504.0,199504.0,200550.0,200550.0,201491.0,201491.0,201943.0,201943.0,202188.0
1pfw.pdb,3791.0,3791.0,3791.0,4032.0,4032.0,4217.0,4217.0,4333.0,4333.0,4369.0,4369.0,4388.0,4388.0,4388.0,4390.0,4390.0,4390.0,4390.0,4390.0,4390.0,4390.0,4390.0,4390.0,4390.0,4390.0,,,,,,,,,,,,,,,,,,,,,,,,,,,,,,,,,,,,,,,,,,,,,,,,,,,20652.0,20652.0,20652.0,21702.0,21702.0,22582.0,22582.0,23195.0,23195.0,23373.0,23373.0,23462.0,23462.0,23462.0,23491.0,23491.0,23491.0,23491.0,23491.0,23491.0,23491.0,23491.0,23491.0,23491.0,23491.0
1pzv.pdb,994.0,994.0,994.0,1084.0,1084.0,1153.0,1153.0,1195.0,1195.0,1216.0,1216.0,1227.0,1227.0,1227.0,1229.0,1229.0,1229.0,1229.0,1229.0,1229.0,1229.0,1229.0,1229.0,1229.0,1229.0,,,,,,,,,,,,,,,,,,,,,,,,,,,,,,,,,,,,,,,,,,,,,,,,,,,7190.0,7190.0,7190.0,7800.0,7800.0,8284.0,8284.0,8611.0,8611.0,8872.0,8872.0,9036.0,9036.0,9036.0,9040.0,9040.0,9040.0,9040.0,9040.0,9040.0,9040.0,9040.0,9040.0,9040.0,9040.0
1q3y.pdb,222.0,222.0,222.0,259.0,259.0,286.0,286.0,308.0,308.0,322.0,322.0,327.0,327.0,327.0,328.0,328.0,330.0,330.0,330.0,330.0,330.0,330.0,330.0,330.0,330.0,,,,,,,,,,,,,,,,,,,,,,,,,,,,,,,,,,,,,,,,,,,,,,,,,,,2803.0,2803.0,2803.0,3099.0,3099.0,3356.0,3356.0,3521.0,3521.0,3579.0,3579.0,3600.0,3600.0,3600.0,3590.0,3590.0,3589.0,3589.0,3589.0,3589.0,3589.0,3589.0,3589.0,3589.0,3589.0
1q48.pdb,715.0,715.0,715.0,829.0,829.0,907.0,907.0,963.0,963.0,991.0,991.0,1000.0,1000.0,1000.0,1007.0,1007.0,1011.0,1011.0,1012.0,1012.0,1013.0,1013.0,1014.0,1014.0,1014.0,,,,,,,,,,,,,,,,,,,,,,,,,,,,,,,,,,,,,,,,,,,,,,,,,,,7721.0,7721.0,7721.0,8380.0,8380.0,8933.0,8933.0,9305.0,9305.0,9554.0,9554.0,9648.0,9648.0,9648.0,9735.0,9735.0,9790.0,9790.0,9800.0,9800.0,9836.0,9836.0,9862.0,9862.0,9862.0
1q4k.pdb,4638.0,4638.0,4638.0,5005.0,5005.0,5243.0,5243.0,5404.0,5404.0,5476.0,5476.0,5510.0,5510.0,5510.0,5513.0,5513.0,5514.0,5514.0,5516.0,5516.0,5516.0,5516.0,5516.0,5516.0,5516.0,,,,,,,,,,,,,,,,,,,,,,,,,,,,,,,,,,,,,,,,,,,,,,,,,,,29478.0,29478.0,29478.0,31327.0,31327.0,32791.0,32791.0,34014.0,34014.0,34709.0,34709.0,35163.0,35163.0,35163.0,35213.0,35213.0,35184.0,35184.0,35176.0,35176.0,35176.0,35176.0,35176.0,35176.0,35176.0
1r5z.pdb,6379.0,6379.0,6379.0,6805.0,6805.0,7112.0,7112.0,7336.0,7336.0,7455.0,7455.0,7535.0,7535.0,7535.0,7542.0,7542.0,7542.0,7542.0,7542.0,7542.0,7542.0,7542.0,7542.0,7542.0,7542.0,,,,,,,,,,,,,,,,,,,,,,,,,,,,,,,,,,,,,,,,,,,,,,,,,,,38748.0,38748.0,38748.0,40357.0,40357.0,41745.0,41745.0,42661.0,42661.0,43045.0,43045.0,43272.0,43272.0,43272.0,43298.0,43298.0,43298.0,43298.0,43298.0,43298.0,43298.0,43298.0,43298.0,43298.0,43298.0
1R76.pdb,2529.0,2529.0,2529.0,2717.0,2717.0,2849.0,2849.0,2914.0,2914.0,2938.0,2938.0,2955.0,2955.0,2955.0,2958.0,2958.0,2961.0,2961.0,2964.0,2964.0,2964.0,2964.0,2964.0,2964.0,2964.0,,,,,,,,,,,,,,,,,,,,,,,,,,,,,,,,,,,,,,,,,,,,,,,,,,,15721.0,15721.0,15721.0,16463.0,16463.0,17105.0,17105.0,17504.0,17504.0,17798.0,17798.0,18005.0,18005.0,18005.0,18077.0,18077.0,18149.0,18149.0,18208.0,18208.0,18208.0,18208.0,18208.0,18208.0,18208.0
1RKD.pdb,1913.0,1913.0,1913.0,2050.0,2050.0,2142.0,2142.0,2215.0,2215.0,2235.0,2235.0,2246.0,2246.0,2246.0,2248.0,2248.0,2248.0,2248.0,2248.0,2248.0,2248.0,2248.0,2248.0,2248.0,2248.0,,,,,,,,,,,,,,,,,,,,,,,,,,,,,,,,,,,,,,,,,,,,,,,,,,,11688.0,11688.0,11688.0,12375.0,12375.0,12842.0,12842.0,13205.0,13205.0,13310.0,13310.0,13390.0,13390.0,13390.0,13427.0,13427.0,13427.0,13427.0,13427.0,13427.0,13427.0,13427.0,13427.0,13427.0,13427.0
1s08.pdb,5686.0,5686.0,5686.0,5995.0,5995.0,6210.0,6210.0,6317.0,6317.0,6364.0,6364.0,6403.0,6403.0,6403.0,6405.0,6405.0,6407.0,6407.0,6409.0,6409.0,6412.0,6412.0,6418.0,6418.0,6425.0,,,,,,,,,,,,,,,,,,,,,,,,,,,,,,,,,,,,,,,,,,,,,,,,,,,26207.0,26207.0,26207.0,27237.0,27237.0,28254.0,28254.0,28605.0,28605.0,28769.0,28769.0,28919.0,28919.0,28919.0,28977.0,28977.0,29055.0,29055.0,29129.0,29129.0,29216.0,29216.0,29344.0,29344.0,29479.0
1SMC.pdb,2562.0,2562.0,2562.0,2723.0,2723.0,2824.0,2824.0,2883.0,2883.0,2914.0,2914.0,2928.0,2928.0,2928.0,2928.0,2928.0,2928.0,2928.0,2928.0,2928.0,2928.0,2928.0,2928.0,2928.0,2928.0,,,,,,,,,,,,,,,,,,,,,,,,,,,,,,,,,,,,,,,,,,,,,,,,,,,14935.0,14935.0,14935.0,15499.0,15499.0,16064.0,16064.0,16406.0,16406.0,16534.0,16534.0,16620.0,16620.0,16620.0,16620.0,16620.0,16620.0,16620.0,16620.0,16620.0,16620.0,16620.0,16620.0,16620.0,16620.0
1T05.pdb,7276.0,7276.0,7276.0,7886.0,7886.0,8302.0,8302.0,8576.0,8576.0,8712.0,8712.0,8761.0,8761.0,8761.0,8779.0,8779.0,8788.0,8788.0,8795.0,8795.0,8802.0,8802.0,8810.0,8810.0,8815.0,,,,,,,,,,,,,,,,,,,,,,,,,,,,,,,,,,,,,,,,,,,,,,,,,,,46276.0,46276.0,46276.0,48099.0,48099.0,49894.0,49894.0,51458.0,51458.0,52621.0,52621.0,52977.0,52977.0,52977.0,53181.0,53181.0,53362.0,53362.0,53483.0,53483.0,53642.0,53642.0,53845.0,53845.0,53937.0
1t1o.pdb,0.0,0.0,0.0,0.0,0.0,0.0,0.0,0.0,0.0,0.0,0.0,0.0,0.0,0.0,0.0,0.0,0.0,0.0,0.0,0.0,0.0,0.0,0.0,0.0,0.0,,,,,,,,,,,,,,,,,,,,,,,,,,,,,,,,,,,,,,,,,,,,,,,,,,,0.0,0.0,0.0,0.0,0.0,0.0,0.0,0.0,0.0,0.0,0.0,0.0,0.0,0.0,0.0,0.0,0.0,0.0,0.0,0.0,0.0,0.0,0.0,0.0,0.0
1T3R.pdb,1332.0,1332.0,1332.0,1436.0,1436.0,1500.0,1500.0,1543.0,1543.0,1560.0,1560.0,1564.0,1564.0,1564.0,1565.0,1565.0,1565.0,1565.0,1565.0,1565.0,1565.0,1565.0,1565.0,1565.0,1565.0,,,,,,,,,,,,,,,,,,,,,,,,,,,,,,,,,,,,,,,,,,,,,,,,,,,8582.0,8582.0,8582.0,8979.0,8979.0,9301.0,9301.0,9558.0,9558.0,9664.0,9664.0,9663.0,9663.0,9663.0,9665.0,9665.0,9665.0,9665.0,9665.0,9665.0,9665.0,9665.0,9665.0,9665.0,9665.0
1T5E.pdb,19491.0,19491.0,19491.0,21119.0,21119.0,22241.0,22241.0,22787.0,22787.0,22966.0,22966.0,23033.0,23033.0,23033.0,23035.0,23035.0,23035.0,23035.0,23035.0,23035.0,23035.0,23035.0,23035.0,23035.0,23035.0,,,,,,,,,,,,,,,,,,,,,,,,,,,,,,,,,,,,,,,,,,,,,,,,,,,128503.0,128503.0,128503.0,131251.0,131251.0,135191.0,135191.0,137397.0,137397.0,137563.0,137563.0,137524.0,137524.0,137524.0,137521.0,137521.0,137521.0,137521.0,137521.0,137521.0,137521.0,137521.0,137521.0,137521.0,137521.0
1ulg.pdb,4079.0,4079.0,4079.0,4397.0,4397.0,4576.0,4576.0,4680.0,4680.0,4712.0,4712.0,4731.0,4731.0,4731.0,4743.0,4743.0,4748.0,4748.0,4752.0,4752.0,4752.0,4752.0,4752.0,4752.0,4752.0,,,,,,,,,,,,,,,,,,,,,,,,,,,,,,,,,,,,,,,,,,,,,,,,,,,22414.0,22414.0,22414.0,23342.0,23342.0,24071.0,24071.0,24656.0,24656.0,24933.0,24933.0,25130.0,25130.0,25130.0,25244.0,25244.0,25273.0,25273.0,25264.0,25264.0,25264.0,25264.0,25264.0,25264.0,25264.0
1uzp.pdb,951.0,951.0,951.0,1036.0,1036.0,1084.0,1084.0,1112.0,1112.0,1122.0,1122.0,1125.0,1125.0,1125.0,1125.0,1125.0,1125.0,1125.0,1125.0,1125.0,1125.0,1125.0,1125.0,1125.0,1125.0,,,,,,,,,,,,,,,,,,,,,,,,,,,,,,,,,,,,,,,,,,,,,,,,,,,7564.0,7564.0,7564.0,7955.0,7955.0,8229.0,8229.0,8451.0,8451.0,8566.0,8566.0,8583.0,8583.0,8583.0,8583.0,8583.0,8583.0,8583.0,8583.0,8583.0,8583.0,8583.0,8583.0,8583.0,8583.0
1vgf.pdb,2669.0,2669.0,2669.0,2864.0,2864.0,3004.0,3004.0,3066.0,3066.0,3089.0,3089.0,3094.0,3094.0,3094.0,3094.0,3094.0,3094.0,3094.0,3094.0,3094.0,3094.0,3094.0,3094.0,3094.0,3094.0,,,,,,,,,,,,,,,,,,,,,,,,,,,,,,,,,,,,,,,,,,,,,,,,,,,15958.0,15958.0,15958.0,16880.0,16880.0,17528.0,17528.0,17982.0,17982.0,18090.0,18090.0,18088.0,18088.0,18088.0,18088.0,18088.0,18088.0,18088.0,18088.0,18088.0,18088.0,18088.0,18088.0,18088.0,18088.0
1vs1.pdb,7273.0,7273.0,7273.0,7606.0,7606.0,7834.0,7834.0,7996.0,7996.0,8090.0,8090.0,8165.0,8165.0,8165.0,8170.0,8170.0,8174.0,8174.0,8178.0,8178.0,8181.0,8181.0,8183.0,8183.0,8185.0,,,,,,,,,,,,,,,,,,,,,,,,,,,,,,,,,,,,,,,,,,,,,,,,,,,30715.0,30715.0,30715.0,31697.0,31697.0,32769.0,32769.0,33604.0,33604.0,34210.0,34210.0,34431.0,34431.0,34431.0,34461.0,34461.0,34520.0,34520.0,34566.0,34566.0,34614.0,34614.0,34648.0,34648.0,34686.0
1wgu.pdb,819.0,819.0,819.0,892.0,892.0,948.0,948.0,975.0,975.0,991.0,991.0,1000.0,1000.0,1000.0,1003.0,1003.0,1006.0,1006.0,1010.0,1010.0,1013.0,1013.0,1014.0,1014.0,1016.0,,,,,,,,,,,,,,,,,,,,,,,,,,,,,,,,,,,,,,,,,,,,,,,,,,,6407.0,6407.0,6407.0,6914.0,6914.0,7341.0,7341.0,7652.0,7652.0,7831.0,7831.0,7945.0,7945.0,7945.0,7992.0,7992.0,8056.0,8056.0,8124.0,8124.0,8156.0,8156.0,8181.0,8181.0,8230.0
1WMG.pdb,3152.0,3152.0,3152.0,3533.0,3533.0,3758.0,3758.0,3905.0,3905.0,3977.0,3977.0,4036.0,4036.0,4036.0,4059.0,4059.0,4063.0,4063.0,4066.0,4066.0,4068.0,4068.0,4069.0,4069.0,4070.0,,,,,,,,,,,,,,,,,,,,,,,,,,,,,,,,,,,,,,,,,,,,,,,,,,,25152.0,25152.0,25152.0,27104.0,27104.0,28470.0,28470.0,29580.0,29580.0,30149.0,30149.0,30712.0,30712.0,30712.0,31073.0,31073.0,31126.0,31126.0,31171.0,31171.0,31202.0,31202.0,31209.0,31209.0,31229.0
1WQV.pdb,3902.0,3902.0,3902.0,4184.0,4184.0,4358.0,4358.0,4482.0,4482.0,4563.0,4563.0,4625.0,4625.0,4625.0,4662.0,4662.0,4673.0,4673.0,4678.0,4678.0,4682.0,4682.0,4686.0,4686.0,4686.0,,,,,,,,,,,,,,,,,,,,,,,,,,,,,,,,,,,,,,,,,,,,,,,,,,,24439.0,24439.0,24439.0,25863.0,25863.0,27534.0,27534.0,29003.0,29003.0,30904.0,30904.0,33621.0,33621.0,33621.0,34985.0,34985.0,35495.0,35495.0,35357.0,35357.0,35438.0,35438.0,35732.0,35732.0,35732.0
1wrf.pdb,810.0,810.0,810.0,897.0,897.0,953.0,953.0,978.0,978.0,981.0,981.0,983.0,983.0,983.0,983.0,983.0,983.0,983.0,983.0,983.0,983.0,983.0,983.0,983.0,983.0,,,,,,,,,,,,,,,,,,,,,,,,,,,,,,,,,,,,,,,,,,,,,,,,,,,5974.0,5974.0,5974.0,6435.0,6435.0,6801.0,6801.0,7106.0,7106.0,7149.0,7149.0,7174.0,7174.0,7174.0,7174.0,7174.0,7174.0,7174.0,7174.0,7174.0,7174.0,7174.0,7174.0,7174.0,7174.0
1xpy.pdb,9933.0,9933.0,9933.0,10431.0,10431.0,10777.0,10777.0,11007.0,11007.0,11146.0,11146.0,11223.0,11223.0,11223.0,11227.0,11227.0,11234.0,11234.0,11236.0,11236.0,11236.0,11236.0,11236.0,11236.0,11236.0,,,,,,,,,,,,,,,,,,,,,,,,,,,,,,,,,,,,,,,,,,,,,,,,,,,49091.0,49091.0,49091.0,50432.0,50432.0,51812.0,51812.0,52720.0,52720.0,53259.0,53259.0,53655.0,53655.0,53655.0,53729.0,53729.0,53839.0,53839.0,53872.0,53872.0,53872.0,53872.0,53872.0,53872.0,53872.0
1xr6.pdb,3137.0,3137.0,3137.0,3367.0,3367.0,3540.0,3540.0,3624.0,3624.0,3674.0,3674.0,3689.0,3689.0,3689.0,3689.0,3689.0,3689.0,3689.0,3689.0,3689.0,3689.0,3689.0,3689.0,3689.0,3689.0,,,,,,,,,,,,,,,,,,,,,,,,,,,,,,,,,,,,,,,,,,,,,,,,,,,19031.0,19031.0,19031.0,20091.0,20091.0,21070.0,21070.0,21586.0,21586.0,21954.0,21954.0,22049.0,22049.0,22049.0,22049.0,22049.0,22049.0,22049.0,22049.0,22049.0,22049.0,22049.0,22049.0,22049.0,22049.0
1xrk.pdb,1581.0,1581.0,1581.0,1717.0,1717.0,1820.0,1820.0,1870.0,1870.0,1880.0,1880.0,1883.0,1883.0,1883.0,1883.0,1883.0,1883.0,1883.0,1883.0,1883.0,1883.0,1883.0,1883.0,1883.0,1883.0,,,,,,,,,,,,,,,,,,,,,,,,,,,,,,,,,,,,,,,,,,,,,,,,,,,9886.0,9886.0,9886.0,10387.0,10387.0,10822.0,10822.0,11018.0,11018.0,11056.0,11056.0,11075.0,11075.0,11075.0,11075.0,11075.0,11075.0,11075.0,11075.0,11075.0,11075.0,11075.0,11075.0,11075.0,11075.0
1y1n.pdb,1912.0,1912.0,1912.0,2022.0,2022.0,2085.0,2085.0,2122.0,2122.0,2140.0,2140.0,2153.0,2153.0,2153.0,2154.0,2154.0,2154.0,2154.0,2154.0,2154.0,2154.0,2154.0,2154.0,2154.0,2154.0,,,,,,,,,,,,,,,,,,,,,,,,,,,,,,,,,,,,,,,,,,,,,,,,,,,10431.0,10431.0,10431.0,10921.0,10921.0,11183.0,11183.0,11331.0,11331.0,11398.0,11398.0,11431.0,11431.0,11431.0,11434.0,11434.0,11434.0,11434.0,11434.0,11434.0,11434.0,11434.0,11434.0,11434.0,11434.0
1Y7U.pdb,3200.0,3200.0,3200.0,3507.0,3507.0,3708.0,3708.0,3868.0,3868.0,3952.0,3952.0,4002.0,4002.0,4002.0,4008.0,4008.0,4011.0,4011.0,4011.0,4011.0,4011.0,4011.0,4011.0,4011.0,4011.0,,,,,,,,,,,,,,,,,,,,,,,,,,,,,,,,,,,,,,,,,,,,,,,,,,,25597.0,25597.0,25597.0,27402.0,27402.0,28898.0,28898.0,30098.0,30098.0,30992.0,30992.0,31508.0,31508.0,31508.0,31616.0,31616.0,31642.0,31642.0,31642.0,31642.0,31642.0,31642.0,31642.0,31642.0,31642.0
1yx6.pdb,994.0,994.0,994.0,1158.0,1158.0,1275.0,1275.0,1347.0,1347.0,1381.0,1381.0,1404.0,1404.0,1404.0,1414.0,1414.0,1424.0,1424.0,1433.0,1433.0,1434.0,1434.0,1435.0,1435.0,1435.0,,,,,,,,,,,,,,,,,,,,,,,,,,,,,,,,,,,,,,,,,,,,,,,,,,,10884.0,10884.0,10884.0,12187.0,12187.0,13133.0,13133.0,13672.0,13672.0,14053.0,14053.0,14247.0,14247.0,14247.0,14370.0,14370.0,14518.0,14518.0,14651.0,14651.0,14674.0,14674.0,14682.0,14682.0,14682.0
1z21.pdb,632.0,632.0,632.0,690.0,690.0,735.0,735.0,758.0,758.0,768.0,768.0,771.0,771.0,771.0,771.0,771.0,771.0,771.0,771.0,771.0,771.0,771.0,771.0,771.0,771.0,,,,,,,,,,,,,,,,,,,,,,,,,,,,,,,,,,,,,,,,,,,,,,,,,,,4918.0,4918.0,4918.0,5293.0,5293.0,5582.0,5582.0,5757.0,5757.0,5843.0,5843.0,5831.0,5831.0,5831.0,5831.0,5831.0,5831.0,5831.0,5831.0,5831.0,5831.0,5831.0,5831.0,5831.0,5831.0
1Z41.pdb,4431.0,4431.0,4431.0,4743.0,4743.0,4986.0,4986.0,5155.0,5155.0,5224.0,5224.0,5259.0,5259.0,5259.0,5271.0,5271.0,5272.0,5272.0,5274.0,5274.0,5274.0,5274.0,5274.0,5274.0,5274.0,,,,,,,,,,,,,,,,,,,,,,,,,,,,,,,,,,,,,,,,,,,,,,,,,,,23816.0,23816.0,23816.0,25310.0,25310.0,26980.0,26980.0,28066.0,28066.0,28619.0,28619.0,29184.0,29184.0,29184.0,29349.0,29349.0,29373.0,29373.0,29402.0,29402.0,29402.0,29402.0,29402.0,29402.0,29402.0
2AE1.pdb,1619.0,1619.0,1619.0,1747.0,1747.0,1833.0,1833.0,1883.0,1883.0,1908.0,1908.0,1917.0,1917.0,1917.0,1922.0,1922.0,1922.0,1922.0,1922.0,1922.0,1922.0,1922.0,1922.0,1922.0,1922.0,,,,,,,,,,,,,,,,,,,,,,,,,,,,,,,,,,,,,,,,,,,,,,,,,,,10277.0,10277.0,10277.0,10938.0,10938.0,11490.0,11490.0,11887.0,11887.0,12088.0,12088.0,12128.0,12128.0,12128.0,12141.0,12141.0,12141.0,12141.0,12141.0,12141.0,12141.0,12141.0,12141.0,12141.0,12141.0
2aef.pdb,2899.0,2899.0,2899.0,3078.0,3078.0,3223.0,3223.0,3285.0,3285.0,3319.0,3319.0,3332.0,3332.0,3332.0,3334.0,3334.0,3334.0,3334.0,3334.0,3334.0,3334.0,3334.0,3334.0,3334.0,3334.0,,,,,,,,,,,,,,,,,,,,,,,,,,,,,,,,,,,,,,,,,,,,,,,,,,,16843.0,16843.0,16843.0,17530.0,17530.0,18266.0,18266.0,18689.0,18689.0,19003.0,19003.0,19152.0,19152.0,19152.0,19170.0,19170.0,19170.0,19170.0,19170.0,19170.0,19170.0,19170.0,19170.0,19170.0,19170.0
2ami.pdb,448.0,448.0,448.0,513.0,513.0,554.0,554.0,580.0,580.0,595.0,595.0,598.0,598.0,598.0,599.0,599.0,601.0,601.0,601.0,601.0,601.0,601.0,601.0,601.0,601.0,,,,,,,,,,,,,,,,,,,,,,,,,,,,,,,,,,,,,,,,,,,,,,,,,,,4347.0,4347.0,4347.0,4711.0,4711.0,5026.0,5026.0,5254.0,5254.0,5367.0,5367.0,5402.0,5402.0,5402.0,5396.0,5396.0,5393.0,5393.0,5393.0,5393.0,5393.0,5393.0,5393.0,5393.0,5393.0
2aow.pdb,3750.0,3750.0,3750.0,4052.0,4052.0,4263.0,4263.0,4377.0,4377.0,4423.0,4423.0,4438.0,4438.0,4438.0,4440.0,4440.0,4440.0,4440.0,4440.0,4440.0,4440.0,4440.0,4440.0,4440.0,4440.0,,,,,,,,,,,,,,,,,,,,,,,,,,,,,,,,,,,,,,,,,,,,,,,,,,,24430.0,24430.0,24430.0,25404.0,25404.0,26146.0,26146.0,26589.0,26589.0,26623.0,26623.0,26534.0,26534.0,26534.0,26516.0,26516.0,26516.0,26516.0,26516.0,26516.0,26516.0,26516.0,26516.0,26516.0,26516.0
2ase.pdb,1064.0,1064.0,1064.0,1190.0,1190.0,1281.0,1281.0,1332.0,1332.0,1356.0,1356.0,1371.0,1371.0,1371.0,1379.0,1379.0,1382.0,1382.0,1385.0,1385.0,1385.0,1385.0,1385.0,1385.0,1385.0,,,,,,,,,,,,,,,,,,,,,,,,,,,,,,,,,,,,,,,,,,,,,,,,,,,9091.0,9091.0,9091.0,9756.0,9756.0,10311.0,10311.0,10766.0,10766.0,11028.0,11028.0,11221.0,11221.0,11221.0,11349.0,11349.0,11403.0,11403.0,11450.0,11450.0,11450.0,11450.0,11450.0,11450.0,11450.0
2AVM.pdb,1451.0,1451.0,1451.0,1558.0,1558.0,1630.0,1630.0,1674.0,1674.0,1688.0,1688.0,1692.0,1692.0,1692.0,1692.0,1692.0,1692.0,1692.0,1692.0,1692.0,1692.0,1692.0,1692.0,1692.0,1692.0,,,,,,,,,,,,,,,,,,,,,,,,,,,,,,,,,,,,,,,,,,,,,,,,,,,8898.0,8898.0,8898.0,9405.0,9405.0,9772.0,9772.0,10000.0,10000.0,10143.0,10143.0,10175.0,10175.0,10175.0,10175.0,10175.0,10175.0,10175.0,10175.0,10175.0,10175.0,10175.0,10175.0,10175.0,10175.0
2BBW.pdb,2887.0,2887.0,2887.0,3126.0,3126.0,3290.0,3290.0,3384.0,3384.0,3420.0,3420.0,3438.0,3438.0,3438.0,3446.0,3446.0,3447.0,3447.0,3448.0,3448.0,3448.0,3448.0,3448.0,3448.0,3448.0,,,,,,,,,,,,,,,,,,,,,,,,,,,,,,,,,,,,,,,,,,,,,,,,,,,22228.0,22228.0,22228.0,23288.0,23288.0,23978.0,23978.0,24364.0,24364.0,24448.0,24448.0,24491.0,24491.0,24491.0,24521.0,24521.0,24521.0,24521.0,24531.0,24531.0,24531.0,24531.0,24531.0,24531.0,24531.0
2bds.pdb,242.0,242.0,242.0,278.0,278.0,302.0,302.0,319.0,319.0,325.0,325.0,329.0,329.0,329.0,329.0,329.0,329.0,329.0,329.0,329.0,329.0,329.0,329.0,329.0,329.0,,,,,,,,,,,,,,,,,,,,,,,,,,,,,,,,,,,,,,,,,,,,,,,,,,,2604.0,2604.0,2604.0,2693.0,2693.0,2759.0,2759.0,2844.0,2844.0,2874.0,2874.0,2897.0,2897.0,2897.0,2897.0,2897.0,2897.0,2897.0,2897.0,2897.0,2897.0,2897.0,2897.0,2897.0,2897.0
2bhh.pdb,1901.0,1901.0,1901.0,2035.0,2035.0,2126.0,2126.0,2179.0,2179.0,2199.0,2199.0,2210.0,2210.0,2210.0,2210.0,2210.0,2210.0,2210.0,2210.0,2210.0,2210.0,2210.0,2210.0,2210.0,2210.0,,,,,,,,,,,,,,,,,,,,,,,,,,,,,,,,,,,,,,,,,,,,,,,,,,,12344.0,12344.0,12344.0,12962.0,12962.0,13363.0,13363.0,13719.0,13719.0,13919.0,13919.0,14006.0,14006.0,14006.0,14006.0,14006.0,14006.0,14006.0,14006.0,14006.0,14006.0,14006.0,14006.0,14006.0,14006.0
2c0h.pdb,2485.0,2485.0,2485.0,2628.0,2628.0,2720.0,2720.0,2764.0,2764.0,2783.0,2783.0,2792.0,2792.0,2792.0,2792.0,2792.0,2792.0,2792.0,2792.0,2792.0,2792.0,2792.0,2792.0,2792.0,2792.0,,,,,,,,,,,,,,,,,,,,,,,,,,,,,,,,,,,,,,,,,,,,,,,,,,,12187.0,12187.0,12187.0,12566.0,12566.0,12930.0,12930.0,13187.0,13187.0,13298.0,13298.0,13324.0,13324.0,13324.0,13324.0,13324.0,13324.0,13324.0,13324.0,13324.0,13324.0,13324.0,13324.0,13324.0,13324.0
2c4i.pdb,1593.0,1593.0,1593.0,1710.0,1710.0,1778.0,1778.0,1828.0,1828.0,1861.0,1861.0,1885.0,1885.0,1885.0,1890.0,1890.0,1891.0,1891.0,1891.0,1891.0,1891.0,1891.0,1891.0,1891.0,1891.0,,,,,,,,,,,,,,,,,,,,,,,,,,,,,,,,,,,,,,,,,,,,,,,,,,,10011.0,10011.0,10011.0,10410.0,10410.0,10857.0,10857.0,11207.0,11207.0,11493.0,11493.0,11655.0,11655.0,11655.0,11697.0,11697.0,11715.0,11715.0,11715.0,11715.0,11715.0,11715.0,11715.0,11715.0,11715.0
2c5x.pdb,7884.0,7884.0,7884.0,8376.0,8376.0,8690.0,8690.0,8854.0,8854.0,8923.0,8923.0,8941.0,8941.0,8941.0,8941.0,8941.0,8941.0,8941.0,8941.0,8941.0,8941.0,8941.0,8941.0,8941.0,8941.0,,,,,,,,,,,,,,,,,,,,,,,,,,,,,,,,,,,,,,,,,,,,,,,,,,,43032.0,43032.0,43032.0,44034.0,44034.0,45189.0,45189.0,46039.0,46039.0,46432.0,46432.0,46605.0,46605.0,46605.0,46605.0,46605.0,46605.0,46605.0,46605.0,46605.0,46605.0,46605.0,46605.0,46605.0,46605.0
2cr0.pdb,730.0,730.0,730.0,807.0,807.0,865.0,865.0,894.0,894.0,916.0,916.0,928.0,928.0,928.0,931.0,931.0,932.0,932.0,934.0,934.0,936.0,936.0,938.0,938.0,940.0,,,,,,,,,,,,,,,,,,,,,,,,,,,,,,,,,,,,,,,,,,,,,,,,,,,5839.0,5839.0,5839.0,6306.0,6306.0,6792.0,6792.0,7139.0,7139.0,7340.0,7340.0,7482.0,7482.0,7482.0,7518.0,7518.0,7545.0,7545.0,7584.0,7584.0,7626.0,7626.0,7667.0,7667.0,7707.0
2d0o.pdb,9256.0,9256.0,9256.0,9841.0,9841.0,10215.0,10215.0,10430.0,10430.0,10517.0,10517.0,10579.0,10579.0,10579.0,10591.0,10591.0,10594.0,10594.0,10596.0,10596.0,10596.0,10596.0,10596.0,10596.0,10596.0,,,,,,,,,,,,,,,,,,,,,,,,,,,,,,,,,,,,,,,,,,,,,,,,,,,52188.0,52188.0,52188.0,53557.0,53557.0,55076.0,55076.0,55891.0,55891.0,56197.0,56197.0,56462.0,56462.0,56462.0,56424.0,56424.0,56430.0,56430.0,56433.0,56433.0,56433.0,56433.0,56433.0,56433.0,56433.0
2d4f.pdb,650.0,650.0,650.0,719.0,719.0,767.0,767.0,796.0,796.0,809.0,809.0,816.0,816.0,816.0,820.0,820.0,820.0,820.0,820.0,820.0,820.0,820.0,820.0,820.0,820.0,,,,,,,,,,,,,,,,,,,,,,,,,,,,,,,,,,,,,,,,,,,,,,,,,,,5339.0,5339.0,5339.0,5668.0,5668.0,6060.0,6060.0,6366.0,6366.0,6512.0,6512.0,6560.0,6560.0,6560.0,6567.0,6567.0,6567.0,6567.0,6567.0,6567.0,6567.0,6567.0,6567.0,6567.0,6567.0
2dm4.pdb,611.0,611.0,611.0,677.0,677.0,724.0,724.0,758.0,758.0,774.0,774.0,785.0,785.0,785.0,792.0,792.0,796.0,796.0,800.0,800.0,804.0,804.0,806.0,806.0,808.0,,,,,,,,,,,,,,,,,,,,,,,,,,,,,,,,,,,,,,,,,,,,,,,,,,,5252.0,5252.0,5252.0,5752.0,5752.0,6168.0,6168.0,6505.0,6505.0,6687.0,6687.0,6815.0,6815.0,6815.0,6927.0,6927.0,6997.0,6997.0,7071.0,7071.0,7132.0,7132.0,7173.0,7173.0,7209.0
2drc.pdb,2107.0,2107.0,2107.0,2288.0,2288.0,2398.0,2398.0,2461.0,2461.0,2487.0,2487.0,2501.0,2501.0,2501.0,2502.0,2502.0,2502.0,2502.0,2502.0,2502.0,2502.0,2502.0,2502.0,2502.0,2502.0,,,,,,,,,,,,,,,,,,,,,,,,,,,,,,,,,,,,,,,,,,,,,,,,,,,14470.0,14470.0,14470.0,15059.0,15059.0,15495.0,15495.0,15891.0,15891.0,16062.0,16062.0,16135.0,16135.0,16135.0,16146.0,16146.0,16146.0,16146.0,16146.0,16146.0,16146.0,16146.0,16146.0,16146.0,16146.0
2EAL.pdb,1922.0,1922.0,1922.0,2065.0,2065.0,2153.0,2153.0,2193.0,2193.0,2208.0,2208.0,2216.0,2216.0,2216.0,2220.0,2220.0,2220.0,2220.0,2220.0,2220.0,2220.0,2220.0,2220.0,2220.0,2220.0,,,,,,,,,,,,,,,,,,,,,,,,,,,,,,,,,,,,,,,,,,,,,,,,,,,11744.0,11744.0,11744.0,12207.0,12207.0,12521.0,12521.0,12616.0,12616.0,12711.0,12711.0,12756.0,12756.0,12756.0,12743.0,12743.0,12743.0,12743.0,12743.0,12743.0,12743.0,12743.0,12743.0,12743.0,12743.0
2eec.pdb,598.0,598.0,598.0,688.0,688.0,754.0,754.0,796.0,796.0,819.0,819.0,842.0,842.0,842.0,853.0,853.0,858.0,858.0,865.0,865.0,869.0,869.0,873.0,873.0,876.0,,,,,,,,,,,,,,,,,,,,,,,,,,,,,,,,,,,,,,,,,,,,,,,,,,,6362.0,6362.0,6362.0,7154.0,7154.0,7733.0,7733.0,8151.0,8151.0,8442.0,8442.0,8690.0,8690.0,8690.0,8796.0,8796.0,8871.0,8871.0,8961.0,8961.0,9046.0,9046.0,9124.0,9124.0,9193.0
2EZ4.pdb,7966.0,7966.0,7966.0,8454.0,8454.0,8784.0,8784.0,8962.0,8962.0,9024.0,9024.0,9044.0,9044.0,9044.0,9046.0,9046.0,9046.0,9046.0,9046.0,9046.0,9046.0,9046.0,9046.0,9046.0,9046.0,,,,,,,,,,,,,,,,,,,,,,,,,,,,,,,,,,,,,,,,,,,,,,,,,,,41561.0,41561.0,41561.0,43176.0,43176.0,44354.0,44354.0,45245.0,45245.0,45561.0,45561.0,45636.0,45636.0,45636.0,45653.0,45653.0,45653.0,45653.0,45653.0,45653.0,45653.0,45653.0,45653.0,45653.0,45653.0
2F5Y.pdb,1061.0,1061.0,1061.0,1154.0,1154.0,1220.0,1220.0,1250.0,1250.0,1265.0,1265.0,1275.0,1275.0,1275.0,1275.0,1275.0,1275.0,1275.0,1275.0,1275.0,1275.0,1275.0,1275.0,1275.0,1275.0,,,,,,,,,,,,,,,,,,,,,,,,,,,,,,,,,,,,,,,,,,,,,,,,,,,7969.0,7969.0,7969.0,8446.0,8446.0,8790.0,8790.0,8978.0,8978.0,9108.0,9108.0,9198.0,9198.0,9198.0,9198.0,9198.0,9198.0,9198.0,9198.0,9198.0,9198.0,9198.0,9198.0,9198.0,9198.0
2fa4.pdb,1309.0,1309.0,1309.0,1420.0,1420.0,1497.0,1497.0,1549.0,1549.0,1565.0,1565.0,1570.0,1570.0,1570.0,1570.0,1570.0,1570.0,1570.0,1570.0,1570.0,1570.0,1570.0,1570.0,1570.0,1570.0,,,,,,,,,,,,,,,,,,,,,,,,,,,,,,,,,,,,,,,,,,,,,,,,,,,8693.0,8693.0,8693.0,9169.0,9169.0,9622.0,9622.0,9924.0,9924.0,10031.0,10031.0,10073.0,10073.0,10073.0,10073.0,10073.0,10073.0,10073.0,10073.0,10073.0,10073.0,10073.0,10073.0,10073.0,10073.0
2fch.pdb,4902.0,4902.0,4902.0,5267.0,5267.0,5480.0,5480.0,5629.0,5629.0,5683.0,5683.0,5702.0,5702.0,5702.0,5721.0,5721.0,5721.0,5721.0,5721.0,5721.0,5721.0,5721.0,5721.0,5721.0,5721.0,,,,,,,,,,,,,,,,,,,,,,,,,,,,,,,,,,,,,,,,,,,,,,,,,,,30132.0,30132.0,30132.0,31089.0,31089.0,31906.0,31906.0,32573.0,32573.0,32786.0,32786.0,32806.0,32806.0,32806.0,32856.0,32856.0,32856.0,32856.0,32856.0,32856.0,32856.0,32856.0,32856.0,32856.0,32856.0
2FYH.pdb,1217.0,1217.0,1217.0,1338.0,1338.0,1438.0,1438.0,1502.0,1502.0,1534.0,1534.0,1542.0,1542.0,1542.0,1542.0,1542.0,1542.0,1542.0,1542.0,1542.0,1542.0,1542.0,1542.0,1542.0,1542.0,,,,,,,,,,,,,,,,,,,,,,,,,,,,,,,,,,,,,,,,,,,,,,,,,,,10074.0,10074.0,10074.0,10785.0,10785.0,11525.0,11525.0,12020.0,12020.0,12369.0,12369.0,12418.0,12418.0,12418.0,12418.0,12418.0,12418.0,12418.0,12418.0,12418.0,12418.0,12418.0,12418.0,12418.0,12418.0
2H2C.pdb,597.0,597.0,597.0,678.0,678.0,744.0,744.0,785.0,785.0,805.0,805.0,816.0,816.0,816.0,822.0,822.0,824.0,824.0,825.0,825.0,825.0,825.0,825.0,825.0,825.0,,,,,,,,,,,,,,,,,,,,,,,,,,,,,,,,,,,,,,,,,,,,,,,,,,,5793.0,5793.0,5793.0,6253.0,6253.0,6698.0,6698.0,7044.0,7044.0,7280.0,7280.0,7414.0,7414.0,7414.0,7459.0,7459.0,7489.0,7489.0,7493.0,7493.0,7493.0,7493.0,7493.0,7493.0,7493.0
2hd7.pdb,935.0,935.0,935.0,1023.0,1023.0,1083.0,1083.0,1128.0,1128.0,1149.0,1149.0,1159.0,1159.0,1159.0,1161.0,1161.0,1163.0,1163.0,1166.0,1166.0,1170.0,1170.0,1170.0,1170.0,1170.0,,,,,,,,,,,,,,,,,,,,,,,,,,,,,,,,,,,,,,,,,,,,,,,,,,,6934.0,6934.0,6934.0,7371.0,7371.0,7847.0,7847.0,8188.0,8188.0,8404.0,8404.0,8484.0,8484.0,8484.0,8522.0,8522.0,8563.0,8563.0,8624.0,8624.0,8684.0,8684.0,8684.0,8684.0,8684.0
2jh8.pdb,4302.0,4302.0,4302.0,4590.0,4590.0,4780.0,4780.0,4902.0,4902.0,4974.0,4974.0,5022.0,5022.0,5022.0,5033.0,5033.0,5038.0,5038.0,5040.0,5040.0,5040.0,5040.0,5040.0,5040.0,5040.0,,,,,,,,,,,,,,,,,,,,,,,,,,,,,,,,,,,,,,,,,,,,,,,,,,,24517.0,24517.0,24517.0,25663.0,25663.0,26700.0,26700.0,27542.0,27542.0,28094.0,28094.0,28446.0,28446.0,28446.0,28539.0,28539.0,28607.0,28607.0,28633.0,28633.0,28633.0,28633.0,28633.0,28633.0,28633.0
2K9X.pdb,619.0,619.0,619.0,693.0,693.0,735.0,735.0,754.0,754.0,759.0,759.0,765.0,765.0,765.0,765.0,765.0,765.0,765.0,765.0,765.0,765.0,765.0,765.0,765.0,765.0,,,,,,,,,,,,,,,,,,,,,,,,,,,,,,,,,,,,,,,,,,,,,,,,,,,5562.0,5562.0,5562.0,6009.0,6009.0,6346.0,6346.0,6540.0,6540.0,6619.0,6619.0,6720.0,6720.0,6720.0,6720.0,6720.0,6720.0,6720.0,6720.0,6720.0,6720.0,6720.0,6720.0,6720.0,6720.0
2KWF.pdb,625.0,625.0,625.0,702.0,702.0,771.0,771.0,815.0,815.0,838.0,838.0,851.0,851.0,851.0,856.0,856.0,862.0,862.0,868.0,868.0,870.0,870.0,870.0,870.0,870.0,,,,,,,,,,,,,,,,,,,,,,,,,,,,,,,,,,,,,,,,,,,,,,,,,,,5660.0,5660.0,5660.0,6385.0,6385.0,6904.0,6904.0,7275.0,7275.0,7505.0,7505.0,7666.0,7666.0,7666.0,7750.0,7750.0,7878.0,7878.0,7982.0,7982.0,8016.0,8016.0,8016.0,8016.0,8016.0
2KXL.pdb,814.0,814.0,814.0,884.0,884.0,934.0,934.0,964.0,964.0,983.0,983.0,995.0,995.0,995.0,997.0,997.0,1001.0,1001.0,1006.0,1006.0,1009.0,1009.0,1014.0,1014.0,1018.0,,,,,,,,,,,,,,,,,,,,,,,,,,,,,,,,,,,,,,,,,,,,,,,,,,,6377.0,6377.0,6377.0,6859.0,6859.0,7102.0,7102.0,7328.0,7328.0,7484.0,7484.0,7583.0,7583.0,7583.0,7629.0,7629.0,7712.0,7712.0,7781.0,7781.0,7850.0,7850.0,7940.0,7940.0,8006.0
2LEK.pdb,454.0,454.0,454.0,496.0,496.0,536.0,536.0,560.0,560.0,566.0,566.0,567.0,567.0,567.0,569.0,569.0,569.0,569.0,569.0,569.0,569.0,569.0,569.0,569.0,569.0,,,,,,,,,,,,,,,,,,,,,,,,,,,,,,,,,,,,,,,,,,,,,,,,,,,4372.0,4372.0,4372.0,4705.0,4705.0,5032.0,5032.0,5239.0,5239.0,5317.0,5317.0,5346.0,5346.0,5346.0,5377.0,5377.0,5377.0,5377.0,5377.0,5377.0,5377.0,5377.0,5377.0,5377.0,5377.0
2LZE.pdb,421.0,421.0,421.0,492.0,492.0,572.0,572.0,623.0,623.0,654.0,654.0,672.0,672.0,672.0,678.0,678.0,683.0,683.0,683.0,683.0,683.0,683.0,683.0,683.0,683.0,,,,,,,,,,,,,,,,,,,,,,,,,,,,,,,,,,,,,,,,,,,,,,,,,,,6356.0,6356.0,6356.0,7006.0,7006.0,7812.0,7812.0,8337.0,8337.0,8604.0,8604.0,8849.0,8849.0,8849.0,8966.0,8966.0,9007.0,9007.0,9007.0,9007.0,9007.0,9007.0,9007.0,9007.0,9007.0
2NY3.pdb,6186.0,6186.0,6186.0,6614.0,6614.0,6900.0,6900.0,7068.0,7068.0,7156.0,7156.0,7214.0,7214.0,7214.0,7252.0,7252.0,7282.0,7282.0,7286.0,7286.0,7286.0,7286.0,7286.0,7286.0,7286.0,,,,,,,,,,,,,,,,,,,,,,,,,,,,,,,,,,,,,,,,,,,,,,,,,,,38197.0,38197.0,38197.0,40367.0,40367.0,42147.0,42147.0,44400.0,44400.0,47099.0,47099.0,50102.0,50102.0,50102.0,53116.0,53116.0,55518.0,55518.0,55868.0,55868.0,55868.0,55868.0,55868.0,55868.0,55868.0
2o21.pdb,965.0,965.0,965.0,1106.0,1106.0,1214.0,1214.0,1288.0,1288.0,1317.0,1317.0,1343.0,1343.0,1343.0,1349.0,1349.0,1349.0,1349.0,1349.0,1349.0,1349.0,1349.0,1349.0,1349.0,1349.0,,,,,,,,,,,,,,,,,,,,,,,,,,,,,,,,,,,,,,,,,,,,,,,,,,,9293.0,9293.0,9293.0,9912.0,9912.0,10697.0,10697.0,11336.0,11336.0,11658.0,11658.0,11964.0,11964.0,11964.0,12030.0,12030.0,12030.0,12030.0,12030.0,12030.0,12030.0,12030.0,12030.0,12030.0,12030.0
2odt.pdb,2067.0,2067.0,2067.0,2246.0,2246.0,2376.0,2376.0,2456.0,2456.0,2491.0,2491.0,2512.0,2512.0,2512.0,2518.0,2518.0,2525.0,2525.0,2531.0,2531.0,2536.0,2536.0,2538.0,2538.0,2540.0,,,,,,,,,,,,,,,,,,,,,,,,,,,,,,,,,,,,,,,,,,,,,,,,,,,13984.0,13984.0,13984.0,14647.0,14647.0,15246.0,15246.0,15723.0,15723.0,16024.0,16024.0,16145.0,16145.0,16145.0,16220.0,16220.0,16340.0,16340.0,16467.0,16467.0,16556.0,16556.0,16595.0,16595.0,16635.0
2OQ6.pdb,4996.0,4996.0,4996.0,5332.0,5332.0,5534.0,5534.0,5648.0,5648.0,5711.0,5711.0,5744.0,5744.0,5744.0,5757.0,5757.0,5767.0,5767.0,5771.0,5771.0,5771.0,5771.0,5771.0,5771.0,5771.0,,,,,,,,,,,,,,,,,,,,,,,,,,,,,,,,,,,,,,,,,,,,,,,,,,,28302.0,28302.0,28302.0,29517.0,29517.0,30506.0,30506.0,31366.0,31366.0,31920.0,31920.0,32229.0,32229.0,32229.0,32497.0,32497.0,32762.0,32762.0,32995.0,32995.0,32995.0,32995.0,32995.0,32995.0,32995.0
2OUO.pdb,727.0,727.0,727.0,793.0,793.0,842.0,842.0,877.0,877.0,888.0,888.0,897.0,897.0,897.0,898.0,898.0,898.0,898.0,898.0,898.0,898.0,898.0,898.0,898.0,898.0,,,,,,,,,,,,,,,,,,,,,,,,,,,,,,,,,,,,,,,,,,,,,,,,,,,5713.0,5713.0,5713.0,6059.0,6059.0,6395.0,6395.0,6667.0,6667.0,6819.0,6819.0,6908.0,6908.0,6908.0,6914.0,6914.0,6914.0,6914.0,6914.0,6914.0,6914.0,6914.0,6914.0,6914.0,6914.0
2oy8.pdb,2000.0,2000.0,2000.0,2181.0,2181.0,2277.0,2277.0,2341.0,2341.0,2369.0,2369.0,2377.0,2377.0,2377.0,2379.0,2379.0,2380.0,2380.0,2381.0,2381.0,2381.0,2381.0,2381.0,2381.0,2381.0,,,,,,,,,,,,,,,,,,,,,,,,,,,,,,,,,,,,,,,,,,,,,,,,,,,15848.0,15848.0,15848.0,16768.0,16768.0,17342.0,17342.0,17830.0,17830.0,18042.0,18042.0,18046.0,18046.0,18046.0,18086.0,18086.0,18102.0,18102.0,18121.0,18121.0,18121.0,18121.0,18121.0,18121.0,18121.0
2PA1.pdb,546.0,546.0,546.0,595.0,595.0,626.0,626.0,650.0,650.0,659.0,659.0,665.0,665.0,665.0,665.0,665.0,665.0,665.0,665.0,665.0,665.0,665.0,665.0,665.0,665.0,,,,,,,,,,,,,,,,,,,,,,,,,,,,,,,,,,,,,,,,,,,,,,,,,,,4475.0,4475.0,4475.0,4709.0,4709.0,4905.0,4905.0,5068.0,5068.0,5144.0,5144.0,5184.0,5184.0,5184.0,5184.0,5184.0,5184.0,5184.0,5184.0,5184.0,5184.0,5184.0,5184.0,5184.0,5184.0
2PBR.pdb,2611.0,2611.0,2611.0,2797.0,2797.0,2963.0,2963.0,3074.0,3074.0,3126.0,3126.0,3147.0,3147.0,3147.0,3154.0,3154.0,3156.0,3156.0,3156.0,3156.0,3156.0,3156.0,3156.0,3156.0,3156.0,,,,,,,,,,,,,,,,,,,,,,,,,,,,,,,,,,,,,,,,,,,,,,,,,,,17048.0,17048.0,17048.0,18107.0,18107.0,19018.0,19018.0,19698.0,19698.0,20007.0,20007.0,20201.0,20201.0,20201.0,20282.0,20282.0,20308.0,20308.0,20308.0,20308.0,20308.0,20308.0,20308.0,20308.0,20308.0
2PC6.pdb,4161.0,4161.0,4161.0,4525.0,4525.0,4727.0,4727.0,4816.0,4816.0,4864.0,4864.0,4916.0,4916.0,4916.0,4918.0,4918.0,4918.0,4918.0,4918.0,4918.0,4918.0,4918.0,4918.0,4918.0,4918.0,,,,,,,,,,,,,,,,,,,,,,,,,,,,,,,,,,,,,,,,,,,,,,,,,,,27504.0,27504.0,27504.0,28377.0,28377.0,29205.0,29205.0,29727.0,29727.0,30223.0,30223.0,30945.0,30945.0,30945.0,30943.0,30943.0,30943.0,30943.0,30943.0,30943.0,30943.0,30943.0,30943.0,30943.0,30943.0
2pfn.pdb,2432.0,2432.0,2432.0,2610.0,2610.0,2711.0,2711.0,2785.0,2785.0,2817.0,2817.0,2829.0,2829.0,2829.0,2832.0,2832.0,2836.0,2836.0,2842.0,2842.0,2844.0,2844.0,2848.0,2848.0,2854.0,,,,,,,,,,,,,,,,,,,,,,,,,,,,,,,,,,,,,,,,,,,,,,,,,,,16268.0,16268.0,16268.0,16673.0,16673.0,17005.0,17005.0,17309.0,17309.0,17451.0,17451.0,17503.0,17503.0,17503.0,17558.0,17558.0,17601.0,17601.0,17668.0,17668.0,17673.0,17673.0,17668.0,17668.0,17652.0
2Q2E.pdb,5439.0,5439.0,5439.0,6064.0,6064.0,6499.0,6499.0,6757.0,6757.0,6893.0,6893.0,6952.0,6952.0,6952.0,6975.0,6975.0,6991.0,6991.0,7002.0,7002.0,7011.0,7011.0,7016.0,7016.0,7023.0,,,,,,,,,,,,,,,,,,,,,,,,,,,,,,,,,,,,,,,,,,,,,,,,,,,44748.0,44748.0,44748.0,46398.0,46398.0,48338.0,48338.0,49982.0,49982.0,51107.0,51107.0,51589.0,51589.0,51589.0,51739.0,51739.0,51933.0,51933.0,52081.0,52081.0,52141.0,52141.0,52204.0,52204.0,52280.0
2qg1.pdb,532.0,532.0,532.0,587.0,587.0,625.0,625.0,646.0,646.0,656.0,656.0,666.0,666.0,666.0,667.0,667.0,667.0,667.0,667.0,667.0,667.0,667.0,667.0,667.0,667.0,,,,,,,,,,,,,,,,,,,,,,,,,,,,,,,,,,,,,,,,,,,,,,,,,,,4492.0,4492.0,4492.0,4860.0,4860.0,5105.0,5105.0,5288.0,5288.0,5426.0,5426.0,5528.0,5528.0,5528.0,5542.0,5542.0,5542.0,5542.0,5542.0,5542.0,5542.0,5542.0,5542.0,5542.0,5542.0
2RCY.pdb,7747.0,7747.0,7747.0,8492.0,8492.0,8977.0,8977.0,9211.0,9211.0,9329.0,9329.0,9398.0,9398.0,9398.0,9410.0,9410.0,9415.0,9415.0,9415.0,9415.0,9415.0,9415.0,9415.0,9415.0,9415.0,,,,,,,,,,,,,,,,,,,,,,,,,,,,,,,,,,,,,,,,,,,,,,,,,,,50308.0,50308.0,50308.0,53626.0,53626.0,56282.0,56282.0,58434.0,58434.0,59853.0,59853.0,61358.0,61358.0,61358.0,61773.0,61773.0,61887.0,61887.0,61887.0,61887.0,61887.0,61887.0,61887.0,61887.0,61887.0
2V6Y.pdb,903.0,903.0,903.0,1008.0,1008.0,1082.0,1082.0,1143.0,1143.0,1173.0,1173.0,1185.0,1185.0,1185.0,1185.0,1185.0,1185.0,1185.0,1185.0,1185.0,1185.0,1185.0,1185.0,1185.0,1185.0,,,,,,,,,,,,,,,,,,,,,,,,,,,,,,,,,,,,,,,,,,,,,,,,,,,8005.0,8005.0,8005.0,8828.0,8828.0,9444.0,9444.0,9841.0,9841.0,10212.0,10212.0,10343.0,10343.0,10343.0,10343.0,10343.0,10343.0,10343.0,10343.0,10343.0,10343.0,10343.0,10343.0,10343.0,10343.0
2VM9.pdb,1736.0,1736.0,1736.0,1873.0,1873.0,1955.0,1955.0,1999.0,1999.0,2017.0,2017.0,2027.0,2027.0,2027.0,2027.0,2027.0,2027.0,2027.0,2027.0,2027.0,2027.0,2027.0,2027.0,2027.0,2027.0,,,,,,,,,,,,,,,,,,,,,,,,,,,,,,,,,,,,,,,,,,,,,,,,,,,11831.0,11831.0,11831.0,12466.0,12466.0,12950.0,12950.0,13144.0,13144.0,13216.0,13216.0,13260.0,13260.0,13260.0,13260.0,13260.0,13260.0,13260.0,13260.0,13260.0,13260.0,13260.0,13260.0,13260.0,13260.0
2vnm.pdb,2592.0,2592.0,2592.0,2762.0,2762.0,2874.0,2874.0,2940.0,2940.0,2974.0,2974.0,2991.0,2991.0,2991.0,2991.0,2991.0,2991.0,2991.0,2991.0,2991.0,2991.0,2991.0,2991.0,2991.0,2991.0,,,,,,,,,,,,,,,,,,,,,,,,,,,,,,,,,,,,,,,,,,,,,,,,,,,14750.0,14750.0,14750.0,15406.0,15406.0,15793.0,15793.0,16070.0,16070.0,16302.0,16302.0,16391.0,16391.0,16391.0,16391.0,16391.0,16391.0,16391.0,16391.0,16391.0,16391.0,16391.0,16391.0,16391.0,16391.0
2VSN.pdb,7126.0,7126.0,7126.0,7592.0,7592.0,7876.0,7876.0,8026.0,8026.0,8077.0,8077.0,8109.0,8109.0,8109.0,8113.0,8113.0,8113.0,8113.0,8113.0,8113.0,8113.0,8113.0,8113.0,8113.0,8113.0,,,,,,,,,,,,,,,,,,,,,,,,,,,,,,,,,,,,,,,,,,,,,,,,,,,39149.0,39149.0,39149.0,39904.0,39904.0,40761.0,40761.0,41262.0,41262.0,41579.0,41579.0,41803.0,41803.0,41803.0,41846.0,41846.0,41846.0,41846.0,41846.0,41846.0,41846.0,41846.0,41846.0,41846.0,41846.0
2WDI.pdb,82154.0,82154.0,82154.0,86583.0,86583.0,88587.0,88587.0,89587.0,89587.0,90172.0,90172.0,90469.0,90469.0,90469.0,90578.0,90578.0,90639.0,90639.0,90675.0,90675.0,90688.0,90688.0,90694.0,90694.0,90701.0,,,,,,,,,,,,,,,,,,,,,,,,,,,,,,,,,,,,,,,,,,,,,,,,,,,483096.0,483096.0,483096.0,489332.0,489332.0,493080.0,493080.0,495515.0,495515.0,497256.0,497256.0,498826.0,498826.0,498826.0,499482.0,499482.0,499829.0,499829.0,499993.0,499993.0,500089.0,500089.0,500147.0,500147.0,500192.0
2WFZ.pdb,3940.0,3940.0,3940.0,4160.0,4160.0,4314.0,4314.0,4377.0,4377.0,4405.0,4405.0,4415.0,4415.0,4415.0,4424.0,4424.0,4433.0,4433.0,4435.0,4435.0,4439.0,4439.0,4445.0,4445.0,4452.0,,,,,,,,,,,,,,,,,,,,,,,,,,,,,,,,,,,,,,,,,,,,,,,,,,,18785.0,18785.0,18785.0,19669.0,19669.0,20473.0,20473.0,21018.0,21018.0,21512.0,21512.0,22149.0,22149.0,22149.0,22907.0,22907.0,23601.0,23601.0,23822.0,23822.0,24252.0,24252.0,24935.0,24935.0,25739.0
2WOQ.pdb,2305.0,2305.0,2305.0,2453.0,2453.0,2557.0,2557.0,2626.0,2626.0,2657.0,2657.0,2683.0,2683.0,2683.0,2687.0,2687.0,2692.0,2692.0,2698.0,2698.0,2700.0,2700.0,2701.0,2701.0,2702.0,,,,,,,,,,,,,,,,,,,,,,,,,,,,,,,,,,,,,,,,,,,,,,,,,,,12928.0,12928.0,12928.0,13553.0,13553.0,14108.0,14108.0,14506.0,14506.0,14811.0,14811.0,15012.0,15012.0,15012.0,15038.0,15038.0,15082.0,15082.0,15157.0,15157.0,15184.0,15184.0,15191.0,15191.0,15190.0
2XDS.pdb,1359.0,1359.0,1359.0,1465.0,1465.0,1550.0,1550.0,1603.0,1603.0,1620.0,1620.0,1626.0,1626.0,1626.0,1626.0,1626.0,1626.0,1626.0,1626.0,1626.0,1626.0,1626.0,1626.0,1626.0,1626.0,,,,,,,,,,,,,,,,,,,,,,,,,,,,,,,,,,,,,,,,,,,,,,,,,,,9297.0,9297.0,9297.0,9800.0,9800.0,10187.0,10187.0,10577.0,10577.0,10685.0,10685.0,10731.0,10731.0,10731.0,10731.0,10731.0,10731.0,10731.0,10731.0,10731.0,10731.0,10731.0,10731.0,10731.0,10731.0
2XEY.pdb,1723.0,1723.0,1723.0,1855.0,1855.0,1957.0,1957.0,2014.0,2014.0,2037.0,2037.0,2054.0,2054.0,2054.0,2054.0,2054.0,2054.0,2054.0,2054.0,2054.0,2054.0,2054.0,2054.0,2054.0,2054.0,,,,,,,,,,,,,,,,,,,,,,,,,,,,,,,,,,,,,,,,,,,,,,,,,,,11562.0,11562.0,11562.0,12192.0,12192.0,12762.0,12762.0,13004.0,13004.0,13114.0,13114.0,13179.0,13179.0,13179.0,13179.0,13179.0,13179.0,13179.0,13179.0,13179.0,13179.0,13179.0,13179.0,13179.0,13179.0
2XUF.pdb,7462.0,7462.0,7462.0,7874.0,7874.0,8139.0,8139.0,8270.0,8270.0,8329.0,8329.0,8366.0,8366.0,8366.0,8381.0,8381.0,8390.0,8390.0,8392.0,8392.0,8392.0,8392.0,8392.0,8392.0,8392.0,,,,,,,,,,,,,,,,,,,,,,,,,,,,,,,,,,,,,,,,,,,,,,,,,,,36660.0,36660.0,36660.0,37713.0,37713.0,38482.0,38482.0,39029.0,39029.0,39554.0,39554.0,40144.0,40144.0,40144.0,40842.0,40842.0,41506.0,41506.0,41514.0,41514.0,41514.0,41514.0,41514.0,41514.0,41514.0
2Y2F.pdb,1912.0,1912.0,1912.0,2057.0,2057.0,2159.0,2159.0,2207.0,2207.0,2223.0,2223.0,2233.0,2233.0,2233.0,2237.0,2237.0,2237.0,2237.0,2237.0,2237.0,2237.0,2237.0,2237.0,2237.0,2237.0,,,,,,,,,,,,,,,,,,,,,,,,,,,,,,,,,,,,,,,,,,,,,,,,,,,11059.0,11059.0,11059.0,11612.0,11612.0,12038.0,12038.0,12290.0,12290.0,12400.0,12400.0,12466.0,12466.0,12466.0,12474.0,12474.0,12474.0,12474.0,12474.0,12474.0,12474.0,12474.0,12474.0,12474.0,12474.0
2Y40.pdb,4562.0,4562.0,4562.0,4799.0,4799.0,4981.0,4981.0,5100.0,5100.0,5162.0,5162.0,5186.0,5186.0,5186.0,5196.0,5196.0,5197.0,5197.0,5199.0,5199.0,5199.0,5199.0,5199.0,5199.0,5199.0,,,,,,,,,,,,,,,,,,,,,,,,,,,,,,,,,,,,,,,,,,,,,,,,,,,23940.0,23940.0,23940.0,24763.0,24763.0,25518.0,25518.0,26183.0,26183.0,26389.0,26389.0,26500.0,26500.0,26500.0,26557.0,26557.0,26575.0,26575.0,26589.0,26589.0,26589.0,26589.0,26589.0,26589.0,26589.0
2Y48.pdb,5465.0,5465.0,5465.0,5855.0,5855.0,6119.0,6119.0,6272.0,6272.0,6338.0,6338.0,6359.0,6359.0,6359.0,6363.0,6363.0,6363.0,6363.0,6363.0,6363.0,6363.0,6363.0,6363.0,6363.0,6363.0,,,,,,,,,,,,,,,,,,,,,,,,,,,,,,,,,,,,,,,,,,,,,,,,,,,34251.0,34251.0,34251.0,36224.0,36224.0,37792.0,37792.0,38747.0,38747.0,39187.0,39187.0,39369.0,39369.0,39369.0,39394.0,39394.0,39394.0,39394.0,39394.0,39394.0,39394.0,39394.0,39394.0,39394.0,39394.0
2YIL.pdb,5154.0,5154.0,5154.0,5553.0,5553.0,5789.0,5789.0,5898.0,5898.0,5927.0,5927.0,5948.0,5948.0,5948.0,5948.0,5948.0,5948.0,5948.0,5948.0,5948.0,5948.0,5948.0,5948.0,5948.0,5948.0,,,,,,,,,,,,,,,,,,,,,,,,,,,,,,,,,,,,,,,,,,,,,,,,,,,33147.0,33147.0,33147.0,34346.0,34346.0,35621.0,35621.0,36448.0,36448.0,36651.0,36651.0,36783.0,36783.0,36783.0,36783.0,36783.0,36783.0,36783.0,36783.0,36783.0,36783.0,36783.0,36783.0,36783.0,36783.0
2yrn.pdb,734.0,734.0,734.0,817.0,817.0,884.0,884.0,923.0,923.0,950.0,950.0,975.0,975.0,975.0,985.0,985.0,994.0,994.0,998.0,998.0,1000.0,1000.0,1002.0,1002.0,1004.0,,,,,,,,,,,,,,,,,,,,,,,,,,,,,,,,,,,,,,,,,,,,,,,,,,,5978.0,5978.0,5978.0,6689.0,6689.0,7282.0,7282.0,7743.0,7743.0,8110.0,8110.0,8346.0,8346.0,8346.0,8503.0,8503.0,8578.0,8578.0,8633.0,8633.0,8669.0,8669.0,8689.0,8689.0,8715.0
2ZCC.pdb,1411.0,1411.0,1411.0,1525.0,1525.0,1625.0,1625.0,1662.0,1662.0,1673.0,1673.0,1679.0,1679.0,1679.0,1679.0,1679.0,1679.0,1679.0,1679.0,1679.0,1679.0,1679.0,1679.0,1679.0,1679.0,,,,,,,,,,,,,,,,,,,,,,,,,,,,,,,,,,,,,,,,,,,,,,,,,,,10222.0,10222.0,10222.0,10918.0,10918.0,11343.0,11343.0,11518.0,11518.0,11590.0,11590.0,11603.0,11603.0,11603.0,11603.0,11603.0,11603.0,11603.0,11603.0,11603.0,11603.0,11603.0,11603.0,11603.0,11603.0
2ZNP.pdb,3434.0,3434.0,3434.0,3722.0,3722.0,3950.0,3950.0,4092.0,4092.0,4153.0,4153.0,4187.0,4187.0,4187.0,4192.0,4192.0,4194.0,4194.0,4195.0,4195.0,4196.0,4196.0,4196.0,4196.0,4196.0,,,,,,,,,,,,,,,,,,,,,,,,,,,,,,,,,,,,,,,,,,,,,,,,,,,22669.0,22669.0,22669.0,23514.0,23514.0,24455.0,24455.0,25237.0,25237.0,25615.0,25615.0,25776.0,25776.0,25776.0,25837.0,25837.0,25850.0,25850.0,25850.0,25850.0,25865.0,25865.0,25865.0,25865.0,25865.0
3A7Z.pdb,1445.0,1445.0,1445.0,1542.0,1542.0,1595.0,1595.0,1618.0,1618.0,1627.0,1627.0,1629.0,1629.0,1629.0,1629.0,1629.0,1629.0,1629.0,1629.0,1629.0,1629.0,1629.0,1629.0,1629.0,1629.0,,,,,,,,,,,,,,,,,,,,,,,,,,,,,,,,,,,,,,,,,,,,,,,,,,,8495.0,8495.0,8495.0,8869.0,8869.0,9077.0,9077.0,9197.0,9197.0,9225.0,9225.0,9226.0,9226.0,9226.0,9226.0,9226.0,9226.0,9226.0,9226.0,9226.0,9226.0,9226.0,9226.0,9226.0,9226.0
3B5A.pdb,1172.0,1172.0,1172.0,1251.0,1251.0,1295.0,1295.0,1307.0,1307.0,1318.0,1318.0,1322.0,1322.0,1322.0,1325.0,1325.0,1327.0,1327.0,1329.0,1329.0,1329.0,1329.0,1329.0,1329.0,1329.0,,,,,,,,,,,,,,,,,,,,,,,,,,,,,,,,,,,,,,,,,,,,,,,,,,,9854.0,9854.0,9854.0,10373.0,10373.0,10986.0,10986.0,11232.0,11232.0,11477.0,11477.0,11707.0,11707.0,11707.0,11799.0,11799.0,11848.0,11848.0,11915.0,11915.0,11915.0,11915.0,11915.0,11915.0,11915.0
3B8N.pdb,14752.0,14752.0,14752.0,15923.0,15923.0,16747.0,16747.0,17194.0,17194.0,17345.0,17345.0,17423.0,17423.0,17423.0,17452.0,17452.0,17461.0,17461.0,17478.0,17478.0,17478.0,17478.0,17478.0,17478.0,17478.0,,,,,,,,,,,,,,,,,,,,,,,,,,,,,,,,,,,,,,,,,,,,,,,,,,,95078.0,95078.0,95078.0,99080.0,99080.0,101518.0,101518.0,103272.0,103272.0,104174.0,104174.0,104587.0,104587.0,104587.0,104842.0,104842.0,104954.0,104954.0,105082.0,105082.0,105082.0,105082.0,105082.0,105082.0,105082.0
3BN7.pdb,646.0,646.0,646.0,715.0,715.0,762.0,762.0,792.0,792.0,813.0,813.0,828.0,828.0,828.0,836.0,836.0,839.0,839.0,840.0,840.0,842.0,842.0,846.0,846.0,846.0,,,,,,,,,,,,,,,,,,,,,,,,,,,,,,,,,,,,,,,,,,,,,,,,,,,5373.0,5373.0,5373.0,5714.0,5714.0,6260.0,6260.0,6881.0,6881.0,7059.0,7059.0,7652.0,7652.0,7652.0,8078.0,8078.0,8037.0,8037.0,8063.0,8063.0,8111.0,8111.0,8128.0,8128.0,8128.0
3BXH.pdb,3400.0,3400.0,3400.0,3650.0,3650.0,3812.0,3812.0,3900.0,3900.0,3935.0,3935.0,3943.0,3943.0,3943.0,3943.0,3943.0,3943.0,3943.0,3943.0,3943.0,3943.0,3943.0,3943.0,3943.0,3943.0,,,,,,,,,,,,,,,,,,,,,,,,,,,,,,,,,,,,,,,,,,,,,,,,,,,20424.0,20424.0,20424.0,21560.0,21560.0,22594.0,22594.0,23278.0,23278.0,23584.0,23584.0,23647.0,23647.0,23647.0,23647.0,23647.0,23647.0,23647.0,23647.0,23647.0,23647.0,23647.0,23647.0,23647.0,23647.0
3byz.pdb,6816.0,6816.0,6816.0,7254.0,7254.0,7556.0,7556.0,7752.0,7752.0,7851.0,7851.0,7876.0,7876.0,7876.0,7881.0,7881.0,7883.0,7883.0,7883.0,7883.0,7883.0,7883.0,7883.0,7883.0,7883.0,,,,,,,,,,,,,,,,,,,,,,,,,,,,,,,,,,,,,,,,,,,,,,,,,,,37721.0,37721.0,37721.0,39162.0,39162.0,40466.0,40466.0,41357.0,41357.0,41809.0,41809.0,41930.0,41930.0,41930.0,41938.0,41938.0,41944.0,41944.0,41944.0,41944.0,41944.0,41944.0,41944.0,41944.0,41944.0
3c5n.pdb,3065.0,3065.0,3065.0,3318.0,3318.0,3501.0,3501.0,3599.0,3599.0,3648.0,3648.0,3672.0,3672.0,3672.0,3676.0,3676.0,3676.0,3676.0,3676.0,3676.0,3676.0,3676.0,3676.0,3676.0,3676.0,,,,,,,,,,,,,,,,,,,,,,,,,,,,,,,,,,,,,,,,,,,,,,,,,,,21045.0,21045.0,21045.0,22280.0,22280.0,23202.0,23202.0,23654.0,23654.0,23919.0,23919.0,24085.0,24085.0,24085.0,24116.0,24116.0,24116.0,24116.0,24116.0,24116.0,24116.0,24116.0,24116.0,24116.0,24116.0
3CDQ.pdb,1128.0,1128.0,1128.0,1223.0,1223.0,1276.0,1276.0,1308.0,1308.0,1322.0,1322.0,1332.0,1332.0,1332.0,1336.0,1336.0,1336.0,1336.0,1336.0,1336.0,1336.0,1336.0,1336.0,1336.0,1336.0,,,,,,,,,,,,,,,,,,,,,,,,,,,,,,,,,,,,,,,,,,,,,,,,,,,7739.0,7739.0,7739.0,8206.0,8206.0,8543.0,8543.0,8728.0,8728.0,8795.0,8795.0,8811.0,8811.0,8811.0,8815.0,8815.0,8815.0,8815.0,8815.0,8815.0,8815.0,8815.0,8815.0,8815.0,8815.0
3D62.pdb,1964.0,1964.0,1964.0,2125.0,2125.0,2234.0,2234.0,2290.0,2290.0,2310.0,2310.0,2325.0,2325.0,2325.0,2330.0,2330.0,2332.0,2332.0,2334.0,2334.0,2336.0,2336.0,2337.0,2337.0,2337.0,,,,,,,,,,,,,,,,,,,,,,,,,,,,,,,,,,,,,,,,,,,,,,,,,,,12828.0,12828.0,12828.0,13452.0,13452.0,14028.0,14028.0,14299.0,14299.0,14553.0,14553.0,14827.0,14827.0,14827.0,14931.0,14931.0,14971.0,14971.0,15038.0,15038.0,15074.0,15074.0,15087.0,15087.0,15087.0
3DRY.pdb,5489.0,5489.0,5489.0,5994.0,5994.0,6359.0,6359.0,6576.0,6576.0,6701.0,6701.0,6763.0,6763.0,6763.0,6786.0,6786.0,6800.0,6800.0,6804.0,6804.0,6807.0,6807.0,6808.0,6808.0,6810.0,,,,,,,,,,,,,,,,,,,,,,,,,,,,,,,,,,,,,,,,,,,,,,,,,,,39496.0,39496.0,39496.0,41060.0,41060.0,42701.0,42701.0,44012.0,44012.0,44903.0,44903.0,45331.0,45331.0,45331.0,45536.0,45536.0,45681.0,45681.0,45770.0,45770.0,45795.0,45795.0,45817.0,45817.0,45846.0
3ds6.pdb,9418.0,9418.0,9418.0,10201.0,10201.0,10721.0,10721.0,10961.0,10961.0,11075.0,11075.0,11139.0,11139.0,11139.0,11159.0,11159.0,11168.0,11168.0,11169.0,11169.0,11170.0,11170.0,11172.0,11172.0,11172.0,,,,,,,,,,,,,,,,,,,,,,,,,,,,,,,,,,,,,,,,,,,,,,,,,,,61275.0,61275.0,61275.0,63467.0,63467.0,65295.0,65295.0,66414.0,66414.0,67119.0,67119.0,67426.0,67426.0,67426.0,67551.0,67551.0,67635.0,67635.0,67654.0,67654.0,67676.0,67676.0,67701.0,67701.0,67701.0
3DZH.pdb,3368.0,3368.0,3368.0,3640.0,3640.0,3852.0,3852.0,3985.0,3985.0,4054.0,4054.0,4086.0,4086.0,4086.0,4100.0,4100.0,4100.0,4100.0,4100.0,4100.0,4100.0,4100.0,4100.0,4100.0,4100.0,,,,,,,,,,,,,,,,,,,,,,,,,,,,,,,,,,,,,,,,,,,,,,,,,,,21900.0,21900.0,21900.0,23222.0,23222.0,24240.0,24240.0,24946.0,24946.0,25474.0,25474.0,25663.0,25663.0,25663.0,25732.0,25732.0,25732.0,25732.0,25732.0,25732.0,25732.0,25732.0,25732.0,25732.0,25732.0
3E9A.pdb,1805.0,1805.0,1805.0,1929.0,1929.0,2033.0,2033.0,2090.0,2090.0,2111.0,2111.0,2120.0,2120.0,2120.0,2122.0,2122.0,2122.0,2122.0,2122.0,2122.0,2122.0,2122.0,2122.0,2122.0,2122.0,,,,,,,,,,,,,,,,,,,,,,,,,,,,,,,,,,,,,,,,,,,,,,,,,,,10810.0,10810.0,10810.0,11597.0,11597.0,12121.0,12121.0,12488.0,12488.0,12598.0,12598.0,12685.0,12685.0,12685.0,12702.0,12702.0,12702.0,12702.0,12702.0,12702.0,12702.0,12702.0,12702.0,12702.0,12702.0
3EU1.pdb,3803.0,3803.0,3803.0,4086.0,4086.0,4250.0,4250.0,4349.0,4349.0,4396.0,4396.0,4416.0,4416.0,4416.0,4422.0,4422.0,4425.0,4425.0,4430.0,4430.0,4432.0,4432.0,4432.0,4432.0,4432.0,,,,,,,,,,,,,,,,,,,,,,,,,,,,,,,,,,,,,,,,,,,,,,,,,,,23885.0,23885.0,23885.0,24404.0,24404.0,25274.0,25274.0,26121.0,26121.0,26763.0,26763.0,27114.0,27114.0,27114.0,27312.0,27312.0,27479.0,27479.0,27806.0,27806.0,27826.0,27826.0,27826.0,27826.0,27826.0
3f4k.pdb,1779.0,1779.0,1779.0,1899.0,1899.0,1987.0,1987.0,2035.0,2035.0,2048.0,2048.0,2055.0,2055.0,2055.0,2055.0,2055.0,2055.0,2055.0,2055.0,2055.0,2055.0,2055.0,2055.0,2055.0,2055.0,,,,,,,,,,,,,,,,,,,,,,,,,,,,,,,,,,,,,,,,,,,,,,,,,,,10789.0,10789.0,10789.0,11266.0,11266.0,11702.0,11702.0,11908.0,11908.0,11972.0,11972.0,12001.0,12001.0,12001.0,12001.0,12001.0,12001.0,12001.0,12001.0,12001.0,12001.0,12001.0,12001.0,12001.0,12001.0
3F8C.pdb,618.0,618.0,618.0,702.0,702.0,769.0,769.0,813.0,813.0,833.0,833.0,850.0,850.0,850.0,850.0,850.0,850.0,850.0,850.0,850.0,850.0,850.0,850.0,850.0,850.0,,,,,,,,,,,,,,,,,,,,,,,,,,,,,,,,,,,,,,,,,,,,,,,,,,,6046.0,6046.0,6046.0,6682.0,6682.0,7174.0,7174.0,7533.0,7533.0,7637.0,7637.0,7747.0,7747.0,7747.0,7747.0,7747.0,7747.0,7747.0,7747.0,7747.0,7747.0,7747.0,7747.0,7747.0,7747.0
3FP8.pdb,1995.0,1995.0,1995.0,2099.0,2099.0,2167.0,2167.0,2200.0,2200.0,2213.0,2213.0,2226.0,2226.0,2226.0,2226.0,2226.0,2226.0,2226.0,2226.0,2226.0,2226.0,2226.0,2226.0,2226.0,2226.0,,,,,,,,,,,,,,,,,,,,,,,,,,,,,,,,,,,,,,,,,,,,,,,,,,,11081.0,11081.0,11081.0,11429.0,11429.0,11660.0,11660.0,11821.0,11821.0,11920.0,11920.0,12032.0,12032.0,12032.0,12032.0,12032.0,12032.0,12032.0,12032.0,12032.0,12032.0,12032.0,12032.0,12032.0,12032.0
3G3E.pdb,9543.0,9543.0,9543.0,10095.0,10095.0,10510.0,10510.0,10788.0,10788.0,10890.0,10890.0,10928.0,10928.0,10928.0,10932.0,10932.0,10932.0,10932.0,10932.0,10932.0,10932.0,10932.0,10932.0,10932.0,10932.0,,,,,,,,,,,,,,,,,,,,,,,,,,,,,,,,,,,,,,,,,,,,,,,,,,,51010.0,51010.0,51010.0,52277.0,52277.0,53174.0,53174.0,53636.0,53636.0,54148.0,54148.0,54190.0,54190.0,54190.0,54212.0,54212.0,54212.0,54212.0,54212.0,54212.0,54212.0,54212.0,54212.0,54212.0,54212.0
3G4D.pdb,7212.0,7212.0,7212.0,7716.0,7716.0,8074.0,8074.0,8278.0,8278.0,8353.0,8353.0,8384.0,8384.0,8384.0,8392.0,8392.0,8395.0,8395.0,8395.0,8395.0,8395.0,8395.0,8395.0,8395.0,8395.0,,,,,,,,,,,,,,,,,,,,,,,,,,,,,,,,,,,,,,,,,,,,,,,,,,,41475.0,41475.0,41475.0,42654.0,42654.0,43926.0,43926.0,44784.0,44784.0,45054.0,45054.0,45163.0,45163.0,45163.0,45171.0,45171.0,45190.0,45190.0,45190.0,45190.0,45190.0,45190.0,45190.0,45190.0,45190.0
3GAN.pdb,735.0,735.0,735.0,827.0,827.0,883.0,883.0,912.0,912.0,932.0,932.0,952.0,952.0,952.0,956.0,956.0,956.0,956.0,956.0,956.0,956.0,956.0,956.0,956.0,956.0,,,,,,,,,,,,,,,,,,,,,,,,,,,,,,,,,,,,,,,,,,,,,,,,,,,6575.0,6575.0,6575.0,7113.0,7113.0,7600.0,7600.0,7924.0,7924.0,8243.0,8243.0,8528.0,8528.0,8528.0,8553.0,8553.0,8553.0,8553.0,8553.0,8553.0,8553.0,8553.0,8553.0,8553.0,8553.0
3GBJ.pdb,5652.0,5652.0,5652.0,6067.0,6067.0,6343.0,6343.0,6456.0,6456.0,6497.0,6497.0,6528.0,6528.0,6528.0,6531.0,6531.0,6531.0,6531.0,6531.0,6531.0,6531.0,6531.0,6531.0,6531.0,6531.0,,,,,,,,,,,,,,,,,,,,,,,,,,,,,,,,,,,,,,,,,,,,,,,,,,,36186.0,36186.0,36186.0,37651.0,37651.0,38598.0,38598.0,39114.0,39114.0,39220.0,39220.0,39282.0,39282.0,39282.0,39306.0,39306.0,39306.0,39306.0,39306.0,39306.0,39306.0,39306.0,39306.0,39306.0,39306.0
3H12.pdb,5413.0,5413.0,5413.0,5697.0,5697.0,5852.0,5852.0,5972.0,5972.0,6025.0,6025.0,6060.0,6060.0,6060.0,6068.0,6068.0,6070.0,6070.0,6070.0,6070.0,6070.0,6070.0,6070.0,6070.0,6070.0,,,,,,,,,,,,,,,,,,,,,,,,,,,,,,,,,,,,,,,,,,,,,,,,,,,24510.0,24510.0,24510.0,25547.0,25547.0,26504.0,26504.0,27359.0,27359.0,27702.0,27702.0,27935.0,27935.0,27935.0,28068.0,28068.0,28089.0,28089.0,28089.0,28089.0,28089.0,28089.0,28089.0,28089.0,28089.0
3H8Q.pdb,1353.0,1353.0,1353.0,1470.0,1470.0,1567.0,1567.0,1619.0,1619.0,1640.0,1640.0,1653.0,1653.0,1653.0,1653.0,1653.0,1653.0,1653.0,1653.0,1653.0,1653.0,1653.0,1653.0,1653.0,1653.0,,,,,,,,,,,,,,,,,,,,,,,,,,,,,,,,,,,,,,,,,,,,,,,,,,,10655.0,10655.0,10655.0,11332.0,11332.0,12007.0,12007.0,12292.0,12292.0,12384.0,12384.0,12467.0,12467.0,12467.0,12467.0,12467.0,12467.0,12467.0,12467.0,12467.0,12467.0,12467.0,12467.0,12467.0,12467.0
3H8T.pdb,2482.0,2482.0,2482.0,2664.0,2664.0,2775.0,2775.0,2865.0,2865.0,2915.0,2915.0,2933.0,2933.0,2933.0,2943.0,2943.0,2948.0,2948.0,2956.0,2956.0,2956.0,2956.0,2956.0,2956.0,2956.0,,,,,,,,,,,,,,,,,,,,,,,,,,,,,,,,,,,,,,,,,,,,,,,,,,,16377.0,16377.0,16377.0,17290.0,17290.0,18173.0,18173.0,19392.0,19392.0,20640.0,20640.0,21643.0,21643.0,21643.0,22070.0,22070.0,22225.0,22225.0,22486.0,22486.0,22486.0,22486.0,22486.0,22486.0,22486.0
3H95.pdb,1088.0,1088.0,1088.0,1199.0,1199.0,1273.0,1273.0,1326.0,1326.0,1346.0,1346.0,1364.0,1364.0,1364.0,1369.0,1369.0,1370.0,1370.0,1370.0,1370.0,1370.0,1370.0,1370.0,1370.0,1370.0,,,,,,,,,,,,,,,,,,,,,,,,,,,,,,,,,,,,,,,,,,,,,,,,,,,8302.0,8302.0,8302.0,8914.0,8914.0,9468.0,9468.0,9748.0,9748.0,9932.0,9932.0,10091.0,10091.0,10091.0,10133.0,10133.0,10152.0,10152.0,10152.0,10152.0,10152.0,10152.0,10152.0,10152.0,10152.0
3HME.pdb,1543.0,1543.0,1543.0,1661.0,1661.0,1734.0,1734.0,1782.0,1782.0,1807.0,1807.0,1823.0,1823.0,1823.0,1825.0,1825.0,1829.0,1829.0,1829.0,1829.0,1829.0,1829.0,1829.0,1829.0,1829.0,,,,,,,,,,,,,,,,,,,,,,,,,,,,,,,,,,,,,,,,,,,,,,,,,,,10846.0,10846.0,10846.0,11427.0,11427.0,12177.0,12177.0,12584.0,12584.0,12883.0,12883.0,12999.0,12999.0,12999.0,13023.0,13023.0,13052.0,13052.0,13052.0,13052.0,13052.0,13052.0,13052.0,13052.0,13052.0
3IJC.pdb,2531.0,2531.0,2531.0,2693.0,2693.0,2801.0,2801.0,2852.0,2852.0,2880.0,2880.0,2893.0,2893.0,2893.0,2895.0,2895.0,2895.0,2895.0,2895.0,2895.0,2895.0,2895.0,2895.0,2895.0,2895.0,,,,,,,,,,,,,,,,,,,,,,,,,,,,,,,,,,,,,,,,,,,,,,,,,,,13590.0,13590.0,13590.0,14172.0,14172.0,14697.0,14697.0,14922.0,14922.0,15093.0,15093.0,15174.0,15174.0,15174.0,15193.0,15193.0,15193.0,15193.0,15193.0,15193.0,15193.0,15193.0,15193.0,15193.0,15193.0
3IR2.pdb,2457.0,2457.0,2457.0,2670.0,2670.0,2834.0,2834.0,2927.0,2927.0,2962.0,2962.0,2982.0,2982.0,2982.0,2990.0,2990.0,2990.0,2990.0,2990.0,2990.0,2990.0,2990.0,2990.0,2990.0,2990.0,,,,,,,,,,,,,,,,,,,,,,,,,,,,,,,,,,,,,,,,,,,,,,,,,,,17055.0,17055.0,17055.0,18107.0,18107.0,19275.0,19275.0,19909.0,19909.0,20196.0,20196.0,20341.0,20341.0,20341.0,20436.0,20436.0,20436.0,20436.0,20436.0,20436.0,20436.0,20436.0,20436.0,20436.0,20436.0
3JYP.pdb,1892.0,1892.0,1892.0,2013.0,2013.0,2093.0,2093.0,2137.0,2137.0,2146.0,2146.0,2154.0,2154.0,2154.0,2156.0,2156.0,2156.0,2156.0,2156.0,2156.0,2156.0,2156.0,2156.0,2156.0,2156.0,,,,,,,,,,,,,,,,,,,,,,,,,,,,,,,,,,,,,,,,,,,,,,,,,,,11288.0,11288.0,11288.0,11749.0,11749.0,12332.0,12332.0,12631.0,12631.0,12684.0,12684.0,12729.0,12729.0,12729.0,12763.0,12763.0,12763.0,12763.0,12763.0,12763.0,12763.0,12763.0,12763.0,12763.0,12763.0
3KD6.pdb,3923.0,3923.0,3923.0,4218.0,4218.0,4476.0,4476.0,4613.0,4613.0,4669.0,4669.0,4698.0,4698.0,4698.0,4704.0,4704.0,4704.0,4704.0,4704.0,4704.0,4704.0,4704.0,4704.0,4704.0,4704.0,,,,,,,,,,,,,,,,,,,,,,,,,,,,,,,,,,,,,,,,,,,,,,,,,,,23498.0,23498.0,23498.0,24419.0,24419.0,25177.0,25177.0,25759.0,25759.0,26080.0,26080.0,26309.0,26309.0,26309.0,26377.0,26377.0,26377.0,26377.0,26377.0,26377.0,26377.0,26377.0,26377.0,26377.0,26377.0
3KFL.pdb,3737.0,3737.0,3737.0,3970.0,3970.0,4139.0,4139.0,4232.0,4232.0,4265.0,4265.0,4282.0,4282.0,4282.0,4283.0,4283.0,4284.0,4284.0,4284.0,4284.0,4284.0,4284.0,4284.0,4284.0,4284.0,,,,,,,,,,,,,,,,,,,,,,,,,,,,,,,,,,,,,,,,,,,,,,,,,,,20070.0,20070.0,20070.0,21087.0,21087.0,22005.0,22005.0,22594.0,22594.0,22837.0,22837.0,22885.0,22885.0,22885.0,22890.0,22890.0,22906.0,22906.0,22906.0,22906.0,22906.0,22906.0,22906.0,22906.0,22906.0
3KHE.pdb,2675.0,2675.0,2675.0,2894.0,2894.0,3049.0,3049.0,3122.0,3122.0,3145.0,3145.0,3153.0,3153.0,3153.0,3155.0,3155.0,3155.0,3155.0,3155.0,3155.0,3155.0,3155.0,3155.0,3155.0,3155.0,,,,,,,,,,,,,,,,,,,,,,,,,,,,,,,,,,,,,,,,,,,,,,,,,,,17130.0,17130.0,17130.0,18170.0,18170.0,18921.0,18921.0,19329.0,19329.0,19464.0,19464.0,19541.0,19541.0,19541.0,19558.0,19558.0,19558.0,19558.0,19558.0,19558.0,19558.0,19558.0,19558.0,19558.0,19558.0
3KWX.pdb,3353.0,3353.0,3353.0,3535.0,3535.0,3634.0,3634.0,3664.0,3664.0,3683.0,3683.0,3692.0,3692.0,3692.0,3697.0,3697.0,3702.0,3702.0,3702.0,3702.0,3702.0,3702.0,3702.0,3702.0,3702.0,,,,,,,,,,,,,,,,,,,,,,,,,,,,,,,,,,,,,,,,,,,,,,,,,,,15698.0,15698.0,15698.0,16220.0,16220.0,16585.0,16585.0,16807.0,16807.0,17005.0,17005.0,17201.0,17201.0,17201.0,17468.0,17468.0,17686.0,17686.0,17686.0,17686.0,17686.0,17686.0,17686.0,17686.0,17686.0
3MUJ.pdb,1776.0,1776.0,1776.0,1917.0,1917.0,2014.0,2014.0,2083.0,2083.0,2117.0,2117.0,2123.0,2123.0,2123.0,2124.0,2124.0,2124.0,2124.0,2124.0,2124.0,2124.0,2124.0,2124.0,2124.0,2124.0,,,,,,,,,,,,,,,,,,,,,,,,,,,,,,,,,,,,,,,,,,,,,,,,,,,12650.0,12650.0,12650.0,13358.0,13358.0,13874.0,13874.0,14236.0,14236.0,14393.0,14393.0,14422.0,14422.0,14422.0,14420.0,14420.0,14420.0,14420.0,14420.0,14420.0,14420.0,14420.0,14420.0,14420.0,14420.0
3NIJ.pdb,536.0,536.0,536.0,581.0,581.0,611.0,611.0,632.0,632.0,640.0,640.0,644.0,644.0,644.0,644.0,644.0,644.0,644.0,644.0,644.0,644.0,644.0,644.0,644.0,644.0,,,,,,,,,,,,,,,,,,,,,,,,,,,,,,,,,,,,,,,,,,,,,,,,,,,4455.0,4455.0,4455.0,4671.0,4671.0,4867.0,4867.0,5080.0,5080.0,5147.0,5147.0,5154.0,5154.0,5154.0,5154.0,5154.0,5154.0,5154.0,5154.0,5154.0,5154.0,5154.0,5154.0,5154.0,5154.0
3NOV.pdb,1604.0,1604.0,1604.0,1730.0,1730.0,1803.0,1803.0,1845.0,1845.0,1860.0,1860.0,1878.0,1878.0,1878.0,1884.0,1884.0,1886.0,1886.0,1886.0,1886.0,1886.0,1886.0,1886.0,1886.0,1886.0,,,,,,,,,,,,,,,,,,,,,,,,,,,,,,,,,,,,,,,,,,,,,,,,,,,10005.0,10005.0,10005.0,10551.0,10551.0,10965.0,10965.0,11198.0,11198.0,11315.0,11315.0,11482.0,11482.0,11482.0,11542.0,11542.0,11564.0,11564.0,11564.0,11564.0,11564.0,11564.0,11564.0,11564.0,11564.0
3NOY.pdb,9196.0,9196.0,9196.0,9859.0,9859.0,10341.0,10341.0,10640.0,10640.0,10751.0,10751.0,10802.0,10802.0,10802.0,10815.0,10815.0,10818.0,10818.0,10819.0,10819.0,10819.0,10819.0,10819.0,10819.0,10819.0,,,,,,,,,,,,,,,,,,,,,,,,,,,,,,,,,,,,,,,,,,,,,,,,,,,52486.0,52486.0,52486.0,55510.0,55510.0,57810.0,57810.0,59623.0,59623.0,60609.0,60609.0,60945.0,60945.0,60945.0,61039.0,61039.0,61075.0,61075.0,61079.0,61079.0,61079.0,61079.0,61079.0,61079.0,61079.0
3OK5.pdb,2238.0,2238.0,2238.0,2399.0,2399.0,2484.0,2484.0,2534.0,2534.0,2576.0,2576.0,2604.0,2604.0,2604.0,2616.0,2616.0,2624.0,2624.0,2640.0,2640.0,2640.0,2640.0,2640.0,2640.0,2640.0,,,,,,,,,,,,,,,,,,,,,,,,,,,,,,,,,,,,,,,,,,,,,,,,,,,14198.0,14198.0,14198.0,14743.0,14743.0,15281.0,15281.0,15928.0,15928.0,16722.0,16722.0,17240.0,17240.0,17240.0,17660.0,17660.0,18036.0,18036.0,18716.0,18716.0,18716.0,18716.0,18716.0,18716.0,18716.0
3OM5.pdb,12551.0,12551.0,12551.0,13300.0,13300.0,13799.0,13799.0,14057.0,14057.0,14159.0,14159.0,14179.0,14179.0,14179.0,14183.0,14183.0,14186.0,14186.0,14186.0,14186.0,14186.0,14186.0,14186.0,14186.0,14186.0,,,,,,,,,,,,,,,,,,,,,,,,,,,,,,,,,,,,,,,,,,,,,,,,,,,61692.0,61692.0,61692.0,63985.0,63985.0,66202.0,66202.0,67726.0,67726.0,68237.0,68237.0,68419.0,68419.0,68419.0,68420.0,68420.0,68470.0,68470.0,68470.0,68470.0,68470.0,68470.0,68470.0,68470.0,68470.0
3P3D.pdb,575.0,575.0,575.0,621.0,621.0,644.0,644.0,658.0,658.0,662.0,662.0,666.0,666.0,666.0,668.0,668.0,668.0,668.0,668.0,668.0,668.0,668.0,668.0,668.0,668.0,,,,,,,,,,,,,,,,,,,,,,,,,,,,,,,,,,,,,,,,,,,,,,,,,,,4674.0,4674.0,4674.0,4877.0,4877.0,4981.0,4981.0,5041.0,5041.0,5092.0,5092.0,5111.0,5111.0,5111.0,5131.0,5131.0,5131.0,5131.0,5131.0,5131.0,5131.0,5131.0,5131.0,5131.0,5131.0
3PHH.pdb,1734.0,1734.0,1734.0,1860.0,1860.0,1958.0,1958.0,2008.0,2008.0,2024.0,2024.0,2037.0,2037.0,2037.0,2038.0,2038.0,2038.0,2038.0,2038.0,2038.0,2038.0,2038.0,2038.0,2038.0,2038.0,,,,,,,,,,,,,,,,,,,,,,,,,,,,,,,,,,,,,,,,,,,,,,,,,,,10713.0,10713.0,10713.0,11365.0,11365.0,11933.0,11933.0,12247.0,12247.0,12441.0,12441.0,12586.0,12586.0,12586.0,12584.0,12584.0,12584.0,12584.0,12584.0,12584.0,12584.0,12584.0,12584.0,12584.0,12584.0
3PNC.pdb,2542.0,2542.0,2542.0,2713.0,2713.0,2806.0,2806.0,2880.0,2880.0,2911.0,2911.0,2922.0,2922.0,2922.0,2925.0,2925.0,2930.0,2930.0,2935.0,2935.0,2938.0,2938.0,2943.0,2943.0,2947.0,,,,,,,,,,,,,,,,,,,,,,,,,,,,,,,,,,,,,,,,,,,,,,,,,,,16188.0,16188.0,16188.0,16665.0,16665.0,17100.0,17100.0,17476.0,17476.0,17633.0,17633.0,17708.0,17708.0,17708.0,17758.0,17758.0,17816.0,17816.0,17857.0,17857.0,17869.0,17869.0,17880.0,17880.0,17872.0
3PSB.pdb,3567.0,3567.0,3567.0,3820.0,3820.0,4014.0,4014.0,4127.0,4127.0,4163.0,4163.0,4186.0,4186.0,4186.0,4191.0,4191.0,4197.0,4197.0,4198.0,4198.0,4200.0,4200.0,4200.0,4200.0,4200.0,,,,,,,,,,,,,,,,,,,,,,,,,,,,,,,,,,,,,,,,,,,,,,,,,,,21870.0,21870.0,21870.0,22989.0,22989.0,23726.0,23726.0,24295.0,24295.0,24554.0,24554.0,24664.0,24664.0,24664.0,24721.0,24721.0,24747.0,24747.0,24766.0,24766.0,24786.0,24786.0,24786.0,24786.0,24786.0
3PSD.pdb,3611.0,3611.0,3611.0,3863.0,3863.0,4044.0,4044.0,4141.0,4141.0,4176.0,4176.0,4193.0,4193.0,4193.0,4196.0,4196.0,4200.0,4200.0,4200.0,4200.0,4200.0,4200.0,4200.0,4200.0,4200.0,,,,,,,,,,,,,,,,,,,,,,,,,,,,,,,,,,,,,,,,,,,,,,,,,,,22022.0,22022.0,22022.0,22884.0,22884.0,23595.0,23595.0,24234.0,24234.0,24499.0,24499.0,24592.0,24592.0,24592.0,24638.0,24638.0,24676.0,24676.0,24676.0,24676.0,24676.0,24676.0,24676.0,24676.0,24676.0
3Q4U.pdb,8505.0,8505.0,8505.0,9093.0,9093.0,9450.0,9450.0,9629.0,9629.0,9715.0,9715.0,9765.0,9765.0,9765.0,9767.0,9767.0,9767.0,9767.0,9767.0,9767.0,9767.0,9767.0,9767.0,9767.0,9767.0,,,,,,,,,,,,,,,,,,,,,,,,,,,,,,,,,,,,,,,,,,,,,,,,,,,48802.0,48802.0,48802.0,50982.0,50982.0,52584.0,52584.0,53669.0,53669.0,54215.0,54215.0,54518.0,54518.0,54518.0,54542.0,54542.0,54542.0,54542.0,54542.0,54542.0,54542.0,54542.0,54542.0,54542.0,54542.0
3QB5.pdb,5756.0,5756.0,5756.0,6276.0,6276.0,6641.0,6641.0,6882.0,6882.0,6975.0,6975.0,7019.0,7019.0,7019.0,7019.0,7019.0,7019.0,7019.0,7019.0,7019.0,7019.0,7019.0,7019.0,7019.0,7019.0,,,,,,,,,,,,,,,,,,,,,,,,,,,,,,,,,,,,,,,,,,,,,,,,,,,38520.0,38520.0,38520.0,40856.0,40856.0,42375.0,42375.0,43228.0,43228.0,43630.0,43630.0,43773.0,43773.0,43773.0,43773.0,43773.0,43773.0,43773.0,43773.0,43773.0,43773.0,43773.0,43773.0,43773.0,43773.0
3QD6.pdb,8332.0,8332.0,8332.0,8998.0,8998.0,9415.0,9415.0,9658.0,9658.0,9784.0,9784.0,9863.0,9863.0,9863.0,9887.0,9887.0,9892.0,9892.0,9896.0,9896.0,9896.0,9896.0,9896.0,9896.0,9896.0,,,,,,,,,,,,,,,,,,,,,,,,,,,,,,,,,,,,,,,,,,,,,,,,,,,49444.0,49444.0,49444.0,52098.0,52098.0,55100.0,55100.0,57763.0,57763.0,60415.0,60415.0,62523.0,62523.0,62523.0,62905.0,62905.0,62932.0,62932.0,62971.0,62971.0,62971.0,62971.0,62971.0,62971.0,62971.0
3QSB.pdb,5154.0,5154.0,5154.0,5506.0,5506.0,5760.0,5760.0,5881.0,5881.0,5948.0,5948.0,5981.0,5981.0,5981.0,5985.0,5985.0,5985.0,5985.0,5985.0,5985.0,5985.0,5985.0,5985.0,5985.0,5985.0,,,,,,,,,,,,,,,,,,,,,,,,,,,,,,,,,,,,,,,,,,,,,,,,,,,29904.0,29904.0,29904.0,31709.0,31709.0,32935.0,32935.0,33657.0,33657.0,33983.0,33983.0,34151.0,34151.0,34151.0,34148.0,34148.0,34148.0,34148.0,34148.0,34148.0,34148.0,34148.0,34148.0,34148.0,34148.0
3R7K.pdb,9719.0,9719.0,9719.0,10328.0,10328.0,10683.0,10683.0,10886.0,10886.0,10963.0,10963.0,11021.0,11021.0,11021.0,11024.0,11024.0,11024.0,11024.0,11024.0,11024.0,11024.0,11024.0,11024.0,11024.0,11024.0,,,,,,,,,,,,,,,,,,,,,,,,,,,,,,,,,,,,,,,,,,,,,,,,,,,52729.0,52729.0,52729.0,53353.0,53353.0,53793.0,53793.0,54105.0,54105.0,54199.0,54199.0,54298.0,54298.0,54298.0,54303.0,54303.0,54303.0,54303.0,54303.0,54303.0,54303.0,54303.0,54303.0,54303.0,54303.0
3RNM.pdb,12829.0,12829.0,12829.0,13710.0,13710.0,14224.0,14224.0,14569.0,14569.0,14692.0,14692.0,14737.0,14737.0,14737.0,14744.0,14744.0,14747.0,14747.0,14747.0,14747.0,14747.0,14747.0,14747.0,14747.0,14747.0,,,,,,,,,,,,,,,,,,,,,,,,,,,,,,,,,,,,,,,,,,,,,,,,,,,70642.0,70642.0,70642.0,72951.0,72951.0,75109.0,75109.0,76698.0,76698.0,77542.0,77542.0,77725.0,77725.0,77725.0,77791.0,77791.0,77816.0,77816.0,77816.0,77816.0,77816.0,77816.0,77816.0,77816.0,77816.0
3SKN.pdb,11891.0,11891.0,11891.0,12749.0,12749.0,13370.0,13370.0,13649.0,13649.0,13771.0,13771.0,13809.0,13809.0,13809.0,13824.0,13824.0,13825.0,13825.0,13825.0,13825.0,13825.0,13825.0,13825.0,13825.0,13825.0,,,,,,,,,,,,,,,,,,,,,,,,,,,,,,,,,,,,,,,,,,,,,,,,,,,73035.0,73035.0,73035.0,75329.0,75329.0,77069.0,77069.0,78032.0,78032.0,78488.0,78488.0,78609.0,78609.0,78609.0,78712.0,78712.0,78724.0,78724.0,78724.0,78724.0,78724.0,78724.0,78724.0,78724.0,78724.0
3SWV.pdb,1179.0,1179.0,1179.0,1318.0,1318.0,1407.0,1407.0,1477.0,1477.0,1509.0,1509.0,1521.0,1521.0,1521.0,1527.0,1527.0,1530.0,1530.0,1531.0,1531.0,1531.0,1531.0,1531.0,1531.0,1531.0,,,,,,,,,,,,,,,,,,,,,,,,,,,,,,,,,,,,,,,,,,,,,,,,,,,9643.0,9643.0,9643.0,10509.0,10509.0,11284.0,11284.0,11913.0,11913.0,12441.0,12441.0,12778.0,12778.0,12778.0,12947.0,12947.0,13025.0,13025.0,13033.0,13033.0,13033.0,13033.0,13033.0,13033.0,13033.0
3SYI.pdb,2788.0,2788.0,2788.0,2972.0,2972.0,3087.0,3087.0,3157.0,3157.0,3194.0,3194.0,3206.0,3206.0,3206.0,3211.0,3211.0,3214.0,3214.0,3217.0,3217.0,3219.0,3219.0,3222.0,3222.0,3223.0,,,,,,,,,,,,,,,,,,,,,,,,,,,,,,,,,,,,,,,,,,,,,,,,,,,16670.0,16670.0,16670.0,17206.0,17206.0,17726.0,17726.0,18089.0,18089.0,18268.0,18268.0,18319.0,18319.0,18319.0,18358.0,18358.0,18385.0,18385.0,18418.0,18418.0,18448.0,18448.0,18510.0,18510.0,18525.0
3TWP.pdb,8657.0,8657.0,8657.0,9227.0,9227.0,9534.0,9534.0,9756.0,9756.0,9875.0,9875.0,9983.0,9983.0,9983.0,9997.0,9997.0,9999.0,9999.0,10003.0,10003.0,10003.0,10003.0,10003.0,10003.0,10003.0,,,,,,,,,,,,,,,,,,,,,,,,,,,,,,,,,,,,,,,,,,,,,,,,,,,49510.0,49510.0,49510.0,52171.0,52171.0,54288.0,54288.0,55267.0,55267.0,55810.0,55810.0,56203.0,56203.0,56203.0,56321.0,56321.0,56366.0,56366.0,56426.0,56426.0,56426.0,56426.0,56426.0,56426.0,56426.0
3U4O.pdb,7659.0,7659.0,7659.0,8126.0,8126.0,8442.0,8442.0,8631.0,8631.0,8737.0,8737.0,8786.0,8786.0,8786.0,8794.0,8794.0,8796.0,8796.0,8799.0,8799.0,8801.0,8801.0,8801.0,8801.0,8801.0,,,,,,,,,,,,,,,,,,,,,,,,,,,,,,,,,,,,,,,,,,,,,,,,,,,39790.0,39790.0,39790.0,41853.0,41853.0,43612.0,43612.0,44838.0,44838.0,45757.0,45757.0,46080.0,46080.0,46080.0,46102.0,46102.0,46125.0,46125.0,46147.0,46147.0,46168.0,46168.0,46168.0,46168.0,46168.0
3UHH.pdb,2022.0,2022.0,2022.0,2164.0,2164.0,2271.0,2271.0,2322.0,2322.0,2368.0,2368.0,2392.0,2392.0,2392.0,2400.0,2400.0,2404.0,2404.0,2412.0,2412.0,2412.0,2412.0,2412.0,2412.0,2412.0,,,,,,,,,,,,,,,,,,,,,,,,,,,,,,,,,,,,,,,,,,,,,,,,,,,12777.0,12777.0,12777.0,13396.0,13396.0,14114.0,14114.0,15057.0,15057.0,15989.0,15989.0,16381.0,16381.0,16381.0,16592.0,16592.0,16715.0,16715.0,16928.0,16928.0,16928.0,16928.0,16928.0,16928.0,16928.0
3VJC.pdb,14072.0,14072.0,14072.0,14884.0,14884.0,15493.0,15493.0,15881.0,15881.0,16017.0,16017.0,16120.0,16120.0,16120.0,16133.0,16133.0,16139.0,16139.0,16139.0,16139.0,16139.0,16139.0,16139.0,16139.0,16139.0,,,,,,,,,,,,,,,,,,,,,,,,,,,,,,,,,,,,,,,,,,,,,,,,,,,71933.0,71933.0,71933.0,74615.0,74615.0,77249.0,77249.0,78879.0,78879.0,79483.0,79483.0,79635.0,79635.0,79635.0,79749.0,79749.0,79827.0,79827.0,79827.0,79827.0,79827.0,79827.0,79827.0,79827.0,79827.0
3VL1.pdb,6001.0,6001.0,6001.0,6354.0,6354.0,6567.0,6567.0,6675.0,6675.0,6717.0,6717.0,6737.0,6737.0,6737.0,6745.0,6745.0,6747.0,6747.0,6750.0,6750.0,6750.0,6750.0,6750.0,6750.0,6750.0,,,,,,,,,,,,,,,,,,,,,,,,,,,,,,,,,,,,,,,,,,,,,,,,,,,31282.0,31282.0,31282.0,31873.0,31873.0,32678.0,32678.0,32974.0,32974.0,33209.0,33209.0,33351.0,33351.0,33351.0,33454.0,33454.0,33507.0,33507.0,33550.0,33550.0,33550.0,33550.0,33550.0,33550.0,33550.0
3VR5.pdb,19609.0,19609.0,19609.0,21341.0,21341.0,22381.0,22381.0,22991.0,22991.0,23314.0,23314.0,23535.0,23535.0,23535.0,23600.0,23600.0,23624.0,23624.0,23632.0,23632.0,23638.0,23638.0,23643.0,23643.0,23646.0,,,,,,,,,,,,,,,,,,,,,,,,,,,,,,,,,,,,,,,,,,,,,,,,,,,134486.0,134486.0,134486.0,138335.0,138335.0,143384.0,143384.0,147816.0,147816.0,151079.0,151079.0,154447.0,154447.0,154447.0,155556.0,155556.0,155989.0,155989.0,156322.0,156322.0,156503.0,156503.0,156572.0,156572.0,156595.0
3VSU.pdb,18545.0,18545.0,18545.0,19495.0,19495.0,20134.0,20134.0,20449.0,20449.0,20541.0,20541.0,20584.0,20584.0,20584.0,20587.0,20587.0,20588.0,20588.0,20588.0,20588.0,20588.0,20588.0,20588.0,20588.0,20588.0,,,,,,,,,,,,,,,,,,,,,,,,,,,,,,,,,,,,,,,,,,,,,,,,,,,81216.0,81216.0,81216.0,83206.0,83206.0,85221.0,85221.0,86596.0,86596.0,87109.0,87109.0,87307.0,87307.0,87307.0,87329.0,87329.0,87330.0,87330.0,87330.0,87330.0,87330.0,87330.0,87330.0,87330.0,87330.0
4A1X.pdb,2791.0,2791.0,2791.0,2965.0,2965.0,3078.0,3078.0,3135.0,3135.0,3160.0,3160.0,3182.0,3182.0,3182.0,3191.0,3191.0,3191.0,3191.0,3191.0,3191.0,3191.0,3191.0,3191.0,3191.0,3191.0,,,,,,,,,,,,,,,,,,,,,,,,,,,,,,,,,,,,,,,,,,,,,,,,,,,16329.0,16329.0,16329.0,17249.0,17249.0,17832.0,17832.0,18239.0,18239.0,18435.0,18435.0,18646.0,18646.0,18646.0,18706.0,18706.0,18706.0,18706.0,18706.0,18706.0,18706.0,18706.0,18706.0,18706.0,18706.0
4A31.pdb,2923.0,2923.0,2923.0,3117.0,3117.0,3237.0,3237.0,3304.0,3304.0,3328.0,3328.0,3345.0,3345.0,3345.0,3345.0,3345.0,3345.0,3345.0,3345.0,3345.0,3345.0,3345.0,3345.0,3345.0,3345.0,,,,,,,,,,,,,,,,,,,,,,,,,,,,,,,,,,,,,,,,,,,,,,,,,,,17411.0,17411.0,17411.0,18023.0,18023.0,18583.0,18583.0,18908.0,18908.0,19040.0,19040.0,19117.0,19117.0,19117.0,19117.0,19117.0,19117.0,19117.0,19117.0,19117.0,19117.0,19117.0,19117.0,19117.0,19117.0
4A9G.pdb,0.0,0.0,0.0,0.0,0.0,0.0,0.0,0.0,0.0,0.0,0.0,0.0,0.0,0.0,0.0,0.0,0.0,0.0,0.0,0.0,0.0,0.0,0.0,0.0,0.0,,,,,,,,,,,,,,,,,,,,,,,,,,,,,,,,,,,,,,,,,,,,,,,,,,,0.0,0.0,0.0,0.0,0.0,0.0,0.0,0.0,0.0,0.0,0.0,0.0,0.0,0.0,0.0,0.0,0.0,0.0,0.0,0.0,0.0,0.0,0.0,0.0,0.0
